timestamp,acc_x,acc_y,acc_z
1678880000.00,0.08,-0.06,9.80
1678880000.01,0.18,-0.04,9.66
1678880000.02,0.14,-0.09,9.79
1678880000.03,0.11,0.08,9.93
1678880000.04,0.18,0.04,9.74
1678880000.05,-0.02,0.09,9.94
1678880000.06,0.10,-0.04,9.86
1678880000.07,-0.07,-0.11,9.86
1678880000.08,0.20,-0.08,9.85
1678880000.09,0.13,0.27,9.70
1678880000.10,0.17,-0.53,9.55
1678880000.11,0.03,-0.32,9.90
1678880000.12,0.18,-0.43,9.89
1678880000.13,-0.02,-0.03,9.78
1678880000.14,0.11,0.29,9.87
1678880000.15,0.14,0.23,9.86
1678880000.16,0.02,-0.25,9.76
1678880000.17,0.16,-0.09,10.04
1678880000.18,0.00,-0.38,9.89
1678880000.19,0.27,0.18,9.89
1678880000.20,0.27,-0.03,9.67
1678880000.21,0.04,0.33,9.67
1678880000.22,0.10,0.09,9.78
1678880000.23,0.19,0.20,10.04
1678880000.24,0.17,-0.21,9.75
1678880000.25,0.00,0.33,9.75
1678880000.26,0.09,0.26,9.74
1678880000.27,0.06,-0.64,9.70
1678880000.28,0.03,0.15,9.93
1678880000.29,0.10,0.09,9.83
1678880000.30,0.23,0.31,9.84
1678880000.31,-0.02,0.32,9.85
1678880000.32,0.25,-0.01,10.01
1678880000.33,0.06,0.56,9.82
1678880000.34,0.04,-0.39,9.79
1678880000.35,0.27,0.29,9.88
1678880000.36,-0.19,0.25,9.87
1678880000.37,0.03,-0.22,9.81
1678880000.38,0.31,-0.37,9.77
1678880000.39,0.26,-0.16,9.77
1678880000.40,0.11,-0.43,9.83
1678880000.41,-0.05,0.31,9.81
1678880000.42,0.37,0.10,9.95
1678880000.43,-0.06,-0.04,9.84
1678880000.44,0.31,-0.59,9.91
1678880000.45,0.17,0.54,9.88
1678880000.46,0.11,-0.18,9.69
1678880000.47,0.12,-0.07,10.01
1678880000.48,0.03,0.11,9.65
1678880000.49,0.05,0.09,9.89
1678880000.50,0.27,-0.02,9.70
1678880000.51,0.15,0.18,9.86
1678880000.52,0.02,0.40,9.82
1678880000.53,0.18,0.45,9.87
1678880000.54,0.13,0.75,9.83
1678880000.55,0.06,0.04,9.96
1678880000.56,0.11,0.18,9.93
1678880000.57,0.04,-0.60,9.84
1678880000.58,0.13,-0.21,9.90
1678880000.59,0.17,-0.35,9.86
1678880000.60,0.08,-0.52,9.86
1678880000.61,0.09,-0.26,9.86
1678880000.62,0.16,-0.20,9.85
1678880000.63,0.22,-0.25,9.85
1678880000.64,0.10,0.79,9.62
1678880000.65,0.18,-0.11,9.80
1678880000.66,0.33,-0.00,10.03
1678880000.67,0.05,0.12,9.76
1678880000.68,0.02,0.02,9.78
1678880000.69,0.12,-0.74,10.01
1678880000.70,0.08,0.61,9.71
1678880000.71,0.14,1.11,9.72
1678880000.72,-0.08,-0.19,9.86
1678880000.73,0.18,0.45,9.78
1678880000.74,-0.09,-0.15,9.93
1678880000.75,0.16,-0.68,9.81
1678880000.76,0.27,0.74,9.87
1678880000.77,0.14,-0.43,9.73
1678880000.78,0.11,0.18,9.87
1678880000.79,0.04,-0.40,9.73
1678880000.80,-0.04,0.23,9.58
1678880000.81,0.06,0.16,9.96
1678880000.82,0.11,0.35,9.77
1678880000.83,0.01,-0.24,9.96
1678880000.84,0.22,0.17,10.14
1678880000.85,0.10,0.22,9.84
1678880000.86,0.07,0.81,9.96
1678880000.87,-0.07,-0.14,9.85
1678880000.88,0.19,-0.47,9.58
1678880000.89,-0.13,-0.02,9.80
1678880000.90,0.14,-0.27,9.69
1678880000.91,-0.14,0.12,9.85
1678880000.92,0.22,0.28,9.79
1678880000.93,0.26,-0.05,9.74
1678880000.94,0.04,-0.20,9.59
1678880000.95,0.12,0.09,9.77
1678880000.96,0.01,0.13,9.98
1678880000.97,0.10,-0.18,9.75
1678880000.98,0.09,-0.44,9.80
1678880000.99,0.11,0.65,9.90
1678880001.00,0.22,-0.25,9.88
1678880001.01,-0.04,0.11,9.85
1678880001.02,0.01,0.70,9.87
1678880001.03,-0.13,0.19,9.77
1678880001.04,0.10,0.16,9.85
1678880001.05,-0.14,-0.41,9.89
1678880001.06,0.26,0.67,9.99
1678880001.07,-0.15,0.27,9.62
1678880001.08,0.29,0.09,9.70
1678880001.09,0.34,0.23,9.62
1678880001.10,0.14,-0.26,9.82
1678880001.11,0.04,0.48,9.67
1678880001.12,0.14,0.63,9.73
1678880001.13,0.13,0.07,9.74
1678880001.14,0.18,0.03,9.72
1678880001.15,0.31,0.28,9.79
1678880001.16,0.02,-0.27,9.93
1678880001.17,0.08,0.16,9.79
1678880001.18,0.17,-0.04,9.89
1678880001.19,0.08,0.29,9.88
1678880001.20,0.09,-0.30,9.72
1678880001.21,0.01,-0.34,9.90
1678880001.22,0.09,0.55,10.04
1678880001.23,0.10,-0.54,9.77
1678880001.24,0.09,-0.52,9.78
1678880001.25,0.13,-0.16,9.73
1678880001.26,0.01,0.63,9.79
1678880001.27,0.00,-0.13,9.91
1678880001.28,0.02,0.17,9.88
1678880001.29,0.19,0.49,9.75
1678880001.30,0.24,-0.28,9.77
1678880001.31,0.24,0.29,9.81
1678880001.32,-0.04,0.20,9.75
1678880001.33,-0.01,-0.23,9.83
1678880001.34,-0.15,0.13,9.83
1678880001.35,0.03,0.36,9.87
1678880001.36,0.03,-0.23,9.88
1678880001.37,-0.08,-0.12,9.75
1678880001.38,0.11,0.07,9.81
1678880001.39,0.24,0.08,9.78
1678880001.40,-0.05,0.25,9.86
1678880001.41,0.27,-0.26,9.81
1678880001.42,0.09,-0.03,9.81
1678880001.43,-0.11,0.29,9.88
1678880001.44,0.24,0.79,9.78
1678880001.45,0.10,0.00,10.00
1678880001.46,-0.11,0.17,9.66
1678880001.47,-0.21,-0.71,9.67
1678880001.48,0.23,-0.30,9.79
1678880001.49,-0.04,0.21,9.70
1678880001.50,0.26,-0.35,9.73
1678880001.51,0.11,0.01,9.95
1678880001.52,0.11,-0.42,9.75
1678880001.53,0.03,0.25,9.85
1678880001.54,0.09,0.30,9.76
1678880001.55,0.08,0.06,9.96
1678880001.56,0.09,-0.12,9.71
1678880001.57,0.18,-0.21,9.84
1678880001.58,-0.13,0.37,9.68
1678880001.59,0.01,0.37,9.68
1678880001.60,0.09,0.03,9.71
1678880001.61,0.26,0.52,9.61
1678880001.62,-0.07,0.28,9.68
1678880001.63,0.05,0.05,9.88
1678880001.64,0.07,0.03,9.73
1678880001.65,0.26,-0.17,9.84
1678880001.66,0.04,0.04,9.79
1678880001.67,0.08,-0.35,9.89
1678880001.68,0.27,0.09,9.88
1678880001.69,0.20,0.32,9.84
1678880001.70,0.13,0.30,9.82
1678880001.71,-0.02,0.01,9.62
1678880001.72,0.10,0.14,9.93
1678880001.73,0.12,0.32,9.81
1678880001.74,-0.02,-0.49,9.71
1678880001.75,-0.06,0.22,9.79
1678880001.76,0.17,0.03,9.91
1678880001.77,0.23,-0.23,9.78
1678880001.78,0.04,-0.57,9.88
1678880001.79,0.24,-0.00,9.76
1678880001.80,0.23,-0.82,9.83
1678880001.81,0.12,-0.20,9.95
1678880001.82,0.22,-0.09,9.80
1678880001.83,0.05,-0.18,9.68
1678880001.84,0.27,0.36,9.89
1678880001.85,-0.03,0.73,10.01
1678880001.86,0.12,-0.32,9.72
1678880001.87,0.15,-0.32,9.81
1678880001.88,0.23,-0.53,10.01
1678880001.89,0.29,-0.43,9.67
1678880001.90,0.07,-0.36,9.78
1678880001.91,-0.21,-0.08,9.99
1678880001.92,-0.03,-0.10,9.66
1678880001.93,0.18,-0.08,10.00
1678880001.94,0.12,-0.13,9.87
1678880001.95,0.04,-0.47,9.84
1678880001.96,0.08,0.06,9.85
1678880001.97,0.04,0.15,9.98
1678880001.98,-0.03,0.61,9.79
1678880001.99,0.01,0.85,9.83
1678880002.00,0.26,0.29,9.64
1678880002.01,0.11,-0.18,9.68
1678880002.02,-0.11,0.04,9.87
1678880002.03,0.15,-0.11,9.73
1678880002.04,-0.02,-0.19,9.71
1678880002.05,0.08,-0.01,9.72
1678880002.06,0.07,-0.27,9.81
1678880002.07,0.16,0.06,9.86
1678880002.08,-0.10,-0.13,9.84
1678880002.09,0.18,-0.56,9.83
1678880002.10,0.24,-0.06,9.80
1678880002.11,0.15,0.09,9.88
1678880002.12,0.11,0.05,9.73
1678880002.13,0.08,0.44,9.79
1678880002.14,0.08,-0.17,9.89
1678880002.15,-0.00,0.32,9.72
1678880002.16,-0.03,0.07,9.82
1678880002.17,0.14,0.37,9.77
1678880002.18,0.15,-0.32,9.94
1678880002.19,0.18,0.19,9.83
1678880002.20,0.01,-0.11,9.86
1678880002.21,0.10,0.04,9.67
1678880002.22,0.12,-0.24,9.70
1678880002.23,0.08,-0.65,9.88
1678880002.24,0.20,-0.02,9.71
1678880002.25,-0.01,-0.05,9.57
1678880002.26,0.12,0.23,9.78
1678880002.27,0.04,0.06,9.85
1678880002.28,0.23,0.01,9.74
1678880002.29,0.04,0.06,9.97
1678880002.30,0.06,-0.37,9.72
1678880002.31,-0.15,0.12,9.67
1678880002.32,-0.05,-0.69,9.70
1678880002.33,0.17,-0.46,9.64
1678880002.34,0.12,-0.12,9.85
1678880002.35,0.19,-0.00,9.68
1678880002.36,0.09,0.18,9.75
1678880002.37,-0.07,0.39,9.77
1678880002.38,0.05,0.01,9.91
1678880002.39,0.13,-0.12,9.88
1678880002.40,0.36,0.49,9.88
1678880002.41,-0.03,1.31,9.69
1678880002.42,0.06,-0.24,9.97
1678880002.43,0.15,-0.50,9.84
1678880002.44,0.17,-0.11,9.69
1678880002.45,0.01,-0.15,9.81
1678880002.46,0.04,0.26,9.72
1678880002.47,-0.11,-0.26,9.94
1678880002.48,0.03,0.82,9.86
1678880002.49,-0.04,-0.29,9.83
1678880002.50,-0.04,0.83,9.71
1678880002.51,0.18,0.51,9.80
1678880002.52,-0.02,-0.10,9.85
1678880002.53,0.21,0.02,9.67
1678880002.54,0.11,-0.24,9.59
1678880002.55,0.02,-0.50,9.87
1678880002.56,0.33,0.65,9.75
1678880002.57,0.04,0.24,9.92
1678880002.58,0.05,-0.05,10.03
1678880002.59,0.09,-0.17,9.82
1678880002.60,0.17,-0.36,9.79
1678880002.61,-0.04,-0.10,10.00
1678880002.62,0.19,-0.03,9.72
1678880002.63,0.06,0.37,9.75
1678880002.64,0.27,-0.48,9.78
1678880002.65,0.31,-0.70,9.93
1678880002.66,-0.12,-0.03,9.79
1678880002.67,0.20,-1.10,9.62
1678880002.68,0.03,0.01,9.72
1678880002.69,0.07,-0.42,9.77
1678880002.70,-0.00,0.09,9.87
1678880002.71,0.27,-0.23,9.78
1678880002.72,0.11,-0.10,9.80
1678880002.73,-0.09,0.13,9.72
1678880002.74,-0.01,-0.56,9.93
1678880002.75,0.08,0.40,9.84
1678880002.76,-0.10,-0.38,9.89
1678880002.77,0.01,-0.38,9.79
1678880002.78,0.08,-0.35,9.78
1678880002.79,0.04,-0.91,9.86
1678880002.80,0.00,0.46,9.69
1678880002.81,-0.09,0.42,9.65
1678880002.82,0.02,0.21,9.78
1678880002.83,-0.10,0.07,9.79
1678880002.84,0.25,0.21,10.11
1678880002.85,-0.10,-0.01,9.70
1678880002.86,0.24,0.29,9.89
1678880002.87,0.01,-0.26,9.61
1678880002.88,0.31,0.18,9.78
1678880002.89,0.21,0.26,9.91
1678880002.90,-0.09,-0.25,9.83
1678880002.91,0.14,0.34,9.71
1678880002.92,0.12,0.77,9.88
1678880002.93,0.20,-0.01,9.89
1678880002.94,0.32,0.04,9.93
1678880002.95,-0.01,0.21,9.90
1678880002.96,0.01,0.38,9.74
1678880002.97,0.00,-0.00,10.00
1678880002.98,0.14,0.33,9.74
1678880002.99,0.11,-0.41,9.75
1678880003.00,0.20,-0.01,9.96
1678880003.01,0.08,-0.07,9.94
1678880003.02,0.02,-0.53,9.94
1678880003.03,0.15,-0.76,9.81
1678880003.04,0.05,0.61,9.74
1678880003.05,0.03,-0.32,9.70
1678880003.06,0.02,-0.50,9.71
1678880003.07,-0.09,-0.52,9.65
1678880003.08,0.04,-0.24,9.69
1678880003.09,0.16,-0.02,9.77
1678880003.10,0.04,0.56,9.83
1678880003.11,0.16,-0.91,9.74
1678880003.12,-0.16,-0.15,9.85
1678880003.13,0.02,0.18,9.71
1678880003.14,0.17,-0.54,9.78
1678880003.15,0.15,0.19,9.80
1678880003.16,0.33,-0.15,9.76
1678880003.17,-0.23,0.62,9.77
1678880003.18,-0.04,0.46,9.93
1678880003.19,0.11,-0.50,9.85
1678880003.20,0.03,-0.41,9.91
1678880003.21,-0.16,0.20,9.86
1678880003.22,0.35,0.11,9.60
1678880003.23,-0.00,0.02,9.85
1678880003.24,0.22,-0.69,9.78
1678880003.25,0.22,0.54,10.00
1678880003.26,0.05,0.38,9.98
1678880003.27,0.24,0.25,9.89
1678880003.28,0.01,-0.51,9.91
1678880003.29,0.06,-0.01,9.75
1678880003.30,0.05,0.08,9.71
1678880003.31,0.11,0.09,9.80
1678880003.32,0.01,0.28,10.00
1678880003.33,0.03,0.43,9.90
1678880003.34,-0.22,-0.27,9.75
1678880003.35,0.19,0.07,9.86
1678880003.36,0.18,-0.31,9.74
1678880003.37,-0.05,-0.06,9.80
1678880003.38,0.12,-0.25,9.90
1678880003.39,0.21,0.54,9.88
1678880003.40,0.12,0.24,9.87
1678880003.41,0.02,0.45,9.98
1678880003.42,0.34,0.01,9.84
1678880003.43,0.15,-0.00,9.87
1678880003.44,0.09,-0.07,9.99
1678880003.45,0.12,0.02,9.90
1678880003.46,0.12,0.10,9.80
1678880003.47,-0.05,-0.01,9.70
1678880003.48,0.13,-0.41,9.90
1678880003.49,0.19,0.10,9.80
1678880003.50,0.15,-0.69,9.70
1678880003.51,0.08,0.12,9.80
1678880003.52,-0.02,0.05,9.76
1678880003.53,-0.03,0.12,9.79
1678880003.54,0.24,0.23,9.88
1678880003.55,0.14,-0.30,9.72
1678880003.56,-0.08,1.01,9.70
1678880003.57,0.07,-0.13,9.78
1678880003.58,0.03,-0.65,9.71
1678880003.59,-0.07,-0.04,9.74
1678880003.60,0.02,0.08,9.75
1678880003.61,0.21,-0.14,9.83
1678880003.62,-0.06,0.23,9.77
1678880003.63,0.15,0.12,9.79
1678880003.64,0.13,-0.13,9.94
1678880003.65,0.21,0.17,9.69
1678880003.66,-0.03,-0.23,9.79
1678880003.67,0.15,-0.31,9.93
1678880003.68,0.10,-0.70,9.76
1678880003.69,-0.21,-0.26,9.76
1678880003.70,0.03,-0.11,9.77
1678880003.71,0.03,0.53,9.93
1678880003.72,-0.04,0.44,9.65
1678880003.73,0.00,0.53,9.59
1678880003.74,0.17,-0.44,9.80
1678880003.75,0.08,0.59,9.73
1678880003.76,0.09,0.22,9.78
1678880003.77,0.00,-0.02,9.82
1678880003.78,0.21,-0.33,9.77
1678880003.79,0.14,-0.06,9.79
1678880003.80,0.10,-0.24,9.73
1678880003.81,0.15,-0.38,9.93
1678880003.82,0.13,-0.45,9.84
1678880003.83,0.12,0.27,9.93
1678880003.84,0.06,-0.25,9.75
1678880003.85,-0.02,-0.26,9.84
1678880003.86,0.10,-0.17,9.74
1678880003.87,0.14,-0.18,9.71
1678880003.88,0.08,-0.09,9.70
1678880003.89,0.20,0.30,9.81
1678880003.90,0.12,0.18,9.81
1678880003.91,0.21,0.58,9.82
1678880003.92,0.15,0.31,9.78
1678880003.93,-0.04,0.32,9.65
1678880003.94,0.31,0.30,9.83
1678880003.95,0.11,0.61,9.72
1678880003.96,-0.04,-0.21,9.78
1678880003.97,-0.02,0.05,9.82
1678880003.98,0.00,0.56,9.67
1678880003.99,-0.05,0.13,9.79
1678880004.00,0.15,-0.22,9.71
1678880004.01,0.02,-0.24,9.86
1678880004.02,0.04,0.27,9.87
1678880004.03,0.22,0.32,9.89
1678880004.04,0.19,-0.18,9.78
1678880004.05,-0.12,0.10,9.74
1678880004.06,0.15,0.18,9.67
1678880004.07,-0.02,-0.12,9.76
1678880004.08,0.12,-0.40,9.81
1678880004.09,-0.10,-0.75,9.88
1678880004.10,-0.06,-0.20,9.67
1678880004.11,-0.07,-0.14,9.77
1678880004.12,0.22,0.16,9.78
1678880004.13,0.19,0.39,9.85
1678880004.14,0.05,0.36,9.99
1678880004.15,0.18,0.62,9.90
1678880004.16,0.20,-0.38,9.70
1678880004.17,0.09,-0.58,9.75
1678880004.18,0.20,-0.23,9.86
1678880004.19,-0.06,-0.17,9.91
1678880004.20,0.13,0.10,9.98
1678880004.21,0.26,-0.31,9.94
1678880004.22,0.03,-0.01,9.81
1678880004.23,0.23,-0.40,9.86
1678880004.24,0.16,0.28,9.79
1678880004.25,0.22,-0.25,9.92
1678880004.26,0.14,-0.49,9.85
1678880004.27,0.12,-0.12,9.74
1678880004.28,0.07,-0.50,9.98
1678880004.29,-0.04,-0.23,9.92
1678880004.30,0.17,0.25,9.96
1678880004.31,0.06,-0.37,9.89
1678880004.32,0.20,-0.11,9.68
1678880004.33,0.25,0.20,9.67
1678880004.34,0.19,-0.50,9.76
1678880004.35,-0.03,-0.22,9.73
1678880004.36,0.03,0.25,9.84
1678880004.37,0.18,0.38,9.77
1678880004.38,0.11,0.19,9.98
1678880004.39,0.21,0.48,9.91
1678880004.40,0.23,-0.62,9.90
1678880004.41,0.13,0.02,9.76
1678880004.42,0.05,0.15,9.89
1678880004.43,-0.08,0.08,9.75
1678880004.44,-0.01,0.14,9.78
1678880004.45,0.02,-0.27,9.84
1678880004.46,0.10,-0.38,9.73
1678880004.47,0.08,0.14,9.71
1678880004.48,0.16,-0.29,10.08
1678880004.49,-0.01,-0.28,9.83
1678880004.50,-0.01,0.29,9.99
1678880004.51,0.05,0.06,9.76
1678880004.52,0.10,0.50,9.90
1678880004.53,-0.01,0.54,9.93
1678880004.54,0.16,-0.23,9.82
1678880004.55,0.00,0.16,9.78
1678880004.56,-0.17,0.32,9.83
1678880004.57,0.23,-0.05,9.83
1678880004.58,0.23,0.14,9.84
1678880004.59,0.49,-0.06,9.83
1678880004.60,0.31,-0.28,9.71
1678880004.61,-0.07,0.19,9.87
1678880004.62,0.19,-0.47,9.91
1678880004.63,0.24,-0.03,9.81
1678880004.64,0.18,0.13,9.87
1678880004.65,-0.03,-0.06,9.69
1678880004.66,0.18,0.19,9.80
1678880004.67,0.14,-0.54,9.90
1678880004.68,0.04,0.05,9.92
1678880004.69,0.01,0.42,9.82
1678880004.70,0.10,0.19,9.69
1678880004.71,0.17,0.02,9.91
1678880004.72,0.07,-0.13,9.85
1678880004.73,0.09,-0.41,9.79
1678880004.74,0.25,-0.03,9.72
1678880004.75,0.19,-0.65,9.60
1678880004.76,0.10,0.06,9.83
1678880004.77,-0.01,-0.05,9.67
1678880004.78,0.13,-0.57,9.80
1678880004.79,0.13,-0.61,9.76
1678880004.80,0.19,0.54,9.66
1678880004.81,0.14,-0.43,9.68
1678880004.82,0.29,0.23,9.73
1678880004.83,0.13,0.22,9.83
1678880004.84,0.37,0.21,9.51
1678880004.85,0.07,-0.26,9.79
1678880004.86,0.10,-0.23,9.70
1678880004.87,0.26,0.21,9.74
1678880004.88,0.18,0.24,9.94
1678880004.89,-0.03,0.27,9.75
1678880004.90,0.24,-0.07,9.58
1678880004.91,0.10,-0.62,9.79
1678880004.92,0.09,-0.14,9.66
1678880004.93,-0.03,-0.30,9.79
1678880004.94,0.25,0.25,9.76
1678880004.95,0.25,-0.48,9.88
1678880004.96,0.08,0.08,9.87
1678880004.97,0.02,0.28,9.81
1678880004.98,0.39,-0.11,9.94
1678880004.99,0.18,-0.41,9.95
1678880005.00,-0.03,-0.78,9.90
1678880005.01,0.23,0.02,9.78
1678880005.02,0.29,0.25,9.74
1678880005.03,0.19,-0.44,9.75
1678880005.04,-0.03,-0.77,9.69
1678880005.05,0.25,-0.38,9.75
1678880005.06,-0.04,0.30,9.81
1678880005.07,0.16,-0.04,9.69
1678880005.08,-0.02,0.29,9.80
1678880005.09,0.19,-1.11,9.92
1678880005.10,0.04,0.76,9.76
1678880005.11,0.10,0.23,9.72
1678880005.12,0.20,-0.23,9.94
1678880005.13,0.20,0.17,9.74
1678880005.14,0.07,0.10,9.61
1678880005.15,0.03,0.33,9.68
1678880005.16,0.25,-0.22,9.84
1678880005.17,-0.04,0.17,9.86
1678880005.18,0.24,0.47,9.94
1678880005.19,0.13,-0.43,9.94
1678880005.20,-0.06,-0.15,9.88
1678880005.21,0.15,0.56,9.81
1678880005.22,-0.10,-0.10,9.83
1678880005.23,0.06,0.49,9.79
1678880005.24,-0.07,0.16,9.70
1678880005.25,0.30,0.09,9.67
1678880005.26,0.23,0.83,9.61
1678880005.27,0.21,0.17,9.83
1678880005.28,0.14,0.17,9.74
1678880005.29,0.27,-0.47,10.01
1678880005.30,0.28,-0.42,9.81
1678880005.31,0.27,-0.17,9.79
1678880005.32,0.05,0.41,9.75
1678880005.33,0.10,0.19,9.79
1678880005.34,-0.00,-0.47,9.66
1678880005.35,-0.04,-0.60,9.74
1678880005.36,0.14,0.02,9.73
1678880005.37,-0.02,-0.35,9.67
1678880005.38,-0.05,0.25,9.67
1678880005.39,0.10,-0.22,10.05
1678880005.40,-0.12,0.07,9.78
1678880005.41,0.01,0.11,9.83
1678880005.42,-0.03,0.15,9.85
1678880005.43,0.26,-0.21,9.96
1678880005.44,0.08,-0.69,9.86
1678880005.45,0.09,-0.31,9.90
1678880005.46,0.04,0.36,9.80
1678880005.47,0.19,0.24,9.86
1678880005.48,-0.02,0.32,9.81
1678880005.49,0.34,0.17,9.89
1678880005.50,0.01,-0.14,9.82
1678880005.51,-0.04,-0.41,9.80
1678880005.52,0.09,0.07,9.92
1678880005.53,0.05,0.24,9.80
1678880005.54,0.08,0.09,9.60
1678880005.55,0.11,-0.22,9.72
1678880005.56,-0.13,-0.16,9.62
1678880005.57,0.20,-0.08,9.64
1678880005.58,0.02,0.26,9.75
1678880005.59,0.07,-0.13,9.80
1678880005.60,-0.10,-0.02,9.75
1678880005.61,0.45,-0.07,9.76
1678880005.62,0.22,-0.05,9.84
1678880005.63,-0.00,0.54,9.75
1678880005.64,0.15,0.40,9.78
1678880005.65,0.10,0.21,9.88
1678880005.66,-0.03,0.06,9.72
1678880005.67,0.01,-0.23,9.93
1678880005.68,0.29,0.91,9.80
1678880005.69,-0.00,-0.34,9.97
1678880005.70,-0.08,-0.11,9.75
1678880005.71,0.31,-0.35,9.92
1678880005.72,0.26,-0.06,9.86
1678880005.73,-0.08,-0.03,9.79
1678880005.74,-0.21,0.15,9.85
1678880005.75,-0.10,-0.49,9.74
1678880005.76,0.04,-0.11,9.71
1678880005.77,-0.02,0.11,9.76
1678880005.78,0.09,-0.08,9.86
1678880005.79,0.08,0.30,9.82
1678880005.80,0.21,0.44,9.66
1678880005.81,0.21,0.62,9.71
1678880005.82,0.10,-0.13,9.85
1678880005.83,0.16,-0.23,9.94
1678880005.84,-0.00,-0.05,9.91
1678880005.85,0.33,-0.18,9.89
1678880005.86,0.13,-0.55,9.71
1678880005.87,-0.04,-0.18,9.77
1678880005.88,0.10,0.45,9.85
1678880005.89,0.42,-0.09,9.89
1678880005.90,0.15,0.53,9.77
1678880005.91,0.20,0.57,9.74
1678880005.92,0.09,0.18,9.77
1678880005.93,-0.01,0.64,9.79
1678880005.94,0.31,-0.18,9.79
1678880005.95,0.20,-0.07,9.72
1678880005.96,0.01,0.10,9.74
1678880005.97,0.11,-0.79,9.75
1678880005.98,0.08,-0.18,9.71
1678880005.99,-0.01,0.02,9.96
1678880006.00,-0.07,-0.10,9.91
1678880006.01,0.14,-0.03,9.76
1678880006.02,0.10,-0.04,9.59
1678880006.03,0.01,-0.68,9.94
1678880006.04,0.20,-0.28,9.89
1678880006.05,0.39,-0.22,9.94
1678880006.06,0.14,-0.08,9.70
1678880006.07,0.03,-0.14,9.58
1678880006.08,0.16,-0.11,9.86
1678880006.09,0.05,1.05,9.64
1678880006.10,-0.01,0.25,10.05
1678880006.11,-0.02,0.64,9.72
1678880006.12,0.26,0.03,10.03
1678880006.13,0.31,-0.23,10.10
1678880006.14,-0.03,-0.11,9.99
1678880006.15,0.01,-0.22,9.82
1678880006.16,0.15,0.14,9.74
1678880006.17,0.12,0.22,9.96
1678880006.18,0.14,-0.44,9.81
1678880006.19,0.03,0.46,9.64
1678880006.20,0.17,-0.37,9.94
1678880006.21,0.19,0.08,9.86
1678880006.22,0.06,0.24,9.81
1678880006.23,0.19,0.02,9.56
1678880006.24,0.04,0.53,9.96
1678880006.25,0.11,-0.04,9.78
1678880006.26,0.18,0.20,9.71
1678880006.27,0.18,0.43,9.71
1678880006.28,0.08,0.16,9.88
1678880006.29,0.05,-0.19,9.76
1678880006.30,0.15,0.15,9.81
1678880006.31,-0.06,-0.38,9.87
1678880006.32,-0.05,0.08,9.77
1678880006.33,0.03,0.01,9.98
1678880006.34,0.13,-0.10,9.66
1678880006.35,0.16,0.40,9.87
1678880006.36,0.24,0.17,9.68
1678880006.37,0.09,0.18,9.88
1678880006.38,0.04,-0.02,9.85
1678880006.39,0.25,0.35,9.87
1678880006.40,0.15,-0.36,9.70
1678880006.41,0.09,0.36,9.85
1678880006.42,0.17,-0.53,9.66
1678880006.43,0.23,-0.01,9.68
1678880006.44,0.21,0.09,10.11
1678880006.45,0.25,0.12,9.79
1678880006.46,0.13,-0.04,9.67
1678880006.47,0.21,0.10,9.53
1678880006.48,0.02,-0.29,9.91
1678880006.49,0.09,0.52,9.65
1678880006.50,-0.03,0.37,9.74
1678880006.51,-0.03,-0.18,9.73
1678880006.52,0.16,0.39,9.65
1678880006.53,0.07,0.00,9.82
1678880006.54,0.20,0.04,9.75
1678880006.55,-0.03,-0.64,9.77
1678880006.56,0.10,0.32,9.77
1678880006.57,0.38,-0.03,9.76
1678880006.58,0.15,-0.34,9.83
1678880006.59,-0.15,0.24,9.82
1678880006.60,0.13,0.05,9.68
1678880006.61,-0.01,0.55,9.86
1678880006.62,0.03,0.15,9.85
1678880006.63,0.33,0.39,9.85
1678880006.64,0.05,0.62,9.80
1678880006.65,-0.00,-0.43,9.72
1678880006.66,0.06,0.27,9.90
1678880006.67,0.24,0.05,9.89
1678880006.68,0.37,0.32,9.97
1678880006.69,-0.08,-0.26,9.73
1678880006.70,-0.22,0.03,9.95
1678880006.71,0.04,0.07,9.72
1678880006.72,0.04,0.10,9.69
1678880006.73,0.24,-0.67,9.84
1678880006.74,0.04,0.52,9.89
1678880006.75,-0.15,-0.85,9.71
1678880006.76,0.04,-0.07,9.81
1678880006.77,0.18,-0.48,9.63
1678880006.78,0.13,-0.13,9.80
1678880006.79,0.02,-0.06,9.96
1678880006.80,-0.09,-0.43,9.87
1678880006.81,0.29,-0.07,9.68
1678880006.82,-0.14,0.09,9.69
1678880006.83,0.36,0.82,9.83
1678880006.84,0.16,-0.04,9.92
1678880006.85,0.10,0.02,9.95
1678880006.86,0.18,0.75,9.65
1678880006.87,0.03,-0.32,9.89
1678880006.88,0.04,0.21,9.69
1678880006.89,0.09,0.80,9.97
1678880006.90,-0.13,0.13,9.89
1678880006.91,0.04,-0.39,9.88
1678880006.92,0.11,0.19,9.79
1678880006.93,0.38,-0.32,9.76
1678880006.94,0.16,0.26,9.67
1678880006.95,0.26,-0.51,9.81
1678880006.96,0.06,-0.25,9.92
1678880006.97,-0.18,-0.26,9.72
1678880006.98,0.20,0.54,9.89
1678880006.99,0.27,-0.78,9.83
1678880007.00,-0.07,-0.13,9.83
1678880007.01,0.11,0.48,9.61
1678880007.02,-0.00,-0.52,9.65
1678880007.03,0.22,0.06,9.97
1678880007.04,0.24,0.02,9.71
1678880007.05,0.22,-0.24,9.69
1678880007.06,-0.04,0.04,9.94
1678880007.07,0.11,0.43,9.82
1678880007.08,0.05,0.95,9.99
1678880007.09,0.12,-0.29,9.65
1678880007.10,0.15,-0.09,9.86
1678880007.11,0.14,0.15,9.92
1678880007.12,0.14,-0.25,9.73
1678880007.13,0.17,-0.38,9.88
1678880007.14,0.19,-0.02,9.73
1678880007.15,-0.11,-0.39,9.65
1678880007.16,0.10,-0.15,9.72
1678880007.17,0.20,0.05,9.81
1678880007.18,0.17,0.36,9.65
1678880007.19,0.18,-0.63,9.73
1678880007.20,0.22,0.24,9.88
1678880007.21,0.12,0.49,9.66
1678880007.22,0.06,0.02,10.01
1678880007.23,0.22,0.36,9.73
1678880007.24,0.37,0.17,9.71
1678880007.25,0.38,-0.50,9.72
1678880007.26,0.07,-0.34,9.86
1678880007.27,0.13,0.04,10.00
1678880007.28,-0.10,0.48,9.73
1678880007.29,0.28,0.67,10.04
1678880007.30,0.08,-0.41,9.84
1678880007.31,0.09,-0.62,9.88
1678880007.32,-0.01,0.50,9.91
1678880007.33,0.07,0.01,9.79
1678880007.34,0.05,1.08,9.72
1678880007.35,0.11,0.35,9.77
1678880007.36,0.02,-0.47,9.93
1678880007.37,0.19,0.16,9.66
1678880007.38,0.16,0.10,9.78
1678880007.39,-0.07,-0.02,9.72
1678880007.40,0.11,0.02,9.78
1678880007.41,0.21,-0.02,9.86
1678880007.42,0.15,0.35,9.71
1678880007.43,0.06,0.32,9.83
1678880007.44,0.24,0.26,9.77
1678880007.45,0.21,-0.09,9.91
1678880007.46,0.32,0.38,10.04
1678880007.47,-0.09,-0.19,9.78
1678880007.48,0.05,0.13,9.77
1678880007.49,0.23,0.34,9.85
1678880007.50,-0.02,0.19,9.88
1678880007.51,0.14,0.01,9.95
1678880007.52,0.03,-0.13,9.88
1678880007.53,0.16,0.30,9.78
1678880007.54,-0.06,-0.43,9.77
1678880007.55,0.20,0.28,9.63
1678880007.56,0.16,-0.03,9.71
1678880007.57,0.36,0.09,9.89
1678880007.58,0.41,-0.20,9.77
1678880007.59,0.28,-0.46,9.82
1678880007.60,0.11,0.34,9.85
1678880007.61,-0.01,0.34,9.89
1678880007.62,-0.03,-0.24,9.76
1678880007.63,-0.04,0.37,9.78
1678880007.64,0.07,-0.36,9.77
1678880007.65,0.28,0.26,9.65
1678880007.66,-0.02,0.22,9.76
1678880007.67,0.03,-0.30,9.68
1678880007.68,0.11,-0.13,9.92
1678880007.69,0.09,-0.34,9.88
1678880007.70,0.26,-0.26,9.64
1678880007.71,0.04,-0.47,9.97
1678880007.72,-0.07,-0.11,9.96
1678880007.73,0.20,-0.18,9.73
1678880007.74,0.08,-0.08,9.96
1678880007.75,0.08,-0.47,9.91
1678880007.76,0.22,-0.08,9.89
1678880007.77,0.11,-0.42,9.80
1678880007.78,-0.04,-0.22,9.72
1678880007.79,0.14,0.07,9.68
1678880007.80,-0.01,-0.00,9.86
1678880007.81,0.11,-0.77,9.94
1678880007.82,0.31,0.55,9.86
1678880007.83,0.18,-0.23,9.83
1678880007.84,-0.04,0.04,9.67
1678880007.85,0.17,-0.12,9.89
1678880007.86,0.12,-0.16,9.89
1678880007.87,-0.04,-0.09,9.76
1678880007.88,0.19,-0.03,9.84
1678880007.89,0.16,-0.82,9.72
1678880007.90,0.11,0.35,9.87
1678880007.91,0.26,-0.08,9.82
1678880007.92,0.04,-0.15,9.73
1678880007.93,0.03,-0.07,9.74
1678880007.94,0.10,-0.64,9.85
1678880007.95,0.12,0.16,9.76
1678880007.96,0.04,0.34,9.79
1678880007.97,0.34,-0.49,9.79
1678880007.98,-0.04,-0.28,9.73
1678880007.99,0.04,0.27,9.70
1678880008.00,0.17,-0.50,9.77
1678880008.01,0.26,0.16,9.84
1678880008.02,0.18,0.20,9.87
1678880008.03,0.27,-0.36,9.80
1678880008.04,0.18,0.26,9.87
1678880008.05,0.26,-0.18,9.68
1678880008.06,0.25,-0.00,9.76
1678880008.07,0.10,-0.15,9.91
1678880008.08,0.21,0.11,9.86
1678880008.09,0.10,0.36,9.57
1678880008.10,-0.04,-0.01,9.77
1678880008.11,-0.01,0.22,9.71
1678880008.12,0.13,0.04,9.82
1678880008.13,0.00,-0.07,9.93
1678880008.14,0.17,0.34,9.80
1678880008.15,-0.10,-0.16,9.79
1678880008.16,0.26,0.40,9.85
1678880008.17,-0.00,0.04,9.78
1678880008.18,0.07,-0.43,9.86
1678880008.19,0.10,0.28,9.66
1678880008.20,-0.04,1.28,9.72
1678880008.21,0.13,0.15,9.71
1678880008.22,0.31,-0.02,9.82
1678880008.23,0.32,-0.28,9.76
1678880008.24,0.06,-0.48,9.84
1678880008.25,0.16,0.06,9.88
1678880008.26,0.20,0.12,9.79
1678880008.27,0.25,-0.24,9.95
1678880008.28,0.08,0.27,9.99
1678880008.29,-0.17,-0.07,9.77
1678880008.30,0.30,-0.14,10.08
1678880008.31,-0.08,0.12,9.77
1678880008.32,0.16,-0.20,9.76
1678880008.33,-0.12,0.04,9.66
1678880008.34,-0.06,0.03,9.80
1678880008.35,0.22,-0.47,9.85
1678880008.36,0.14,-0.11,9.73
1678880008.37,0.09,0.31,9.77
1678880008.38,0.20,-0.10,9.98
1678880008.39,0.10,-0.06,9.65
1678880008.40,-0.07,0.13,9.79
1678880008.41,0.13,-0.24,9.79
1678880008.42,0.03,0.10,9.79
1678880008.43,0.32,-0.24,9.92
1678880008.44,-0.03,-0.16,9.73
1678880008.45,0.25,0.15,9.82
1678880008.46,0.13,-0.38,9.95
1678880008.47,0.27,-0.01,9.81
1678880008.48,0.18,-0.06,9.79
1678880008.49,0.04,-0.12,9.76
1678880008.50,0.19,-0.11,9.77
1678880008.51,0.02,-0.52,9.97
1678880008.52,0.16,0.30,9.76
1678880008.53,0.27,0.05,9.96
1678880008.54,0.10,-0.02,9.76
1678880008.55,0.11,0.08,9.96
1678880008.56,0.28,0.03,9.93
1678880008.57,-0.23,-0.16,9.83
1678880008.58,0.21,0.15,9.80
1678880008.59,0.04,-0.28,10.00
1678880008.60,0.23,0.46,9.81
1678880008.61,0.04,0.19,9.81
1678880008.62,0.08,-0.01,9.75
1678880008.63,-0.00,-0.08,9.67
1678880008.64,0.17,0.29,9.73
1678880008.65,-0.12,0.14,9.83
1678880008.66,0.10,-0.47,9.62
1678880008.67,0.31,-0.08,9.86
1678880008.68,0.09,0.14,9.68
1678880008.69,0.05,-0.47,9.70
1678880008.70,0.01,-0.63,9.76
1678880008.71,0.01,-0.42,9.80
1678880008.72,0.10,-0.29,10.01
1678880008.73,0.19,0.39,9.78
1678880008.74,0.21,0.27,9.71
1678880008.75,0.02,1.02,9.77
1678880008.76,0.16,-0.08,9.89
1678880008.77,-0.02,-0.35,9.92
1678880008.78,0.12,-0.87,9.81
1678880008.79,0.08,0.25,9.84
1678880008.80,0.14,0.03,9.84
1678880008.81,-0.04,-0.29,9.72
1678880008.82,-0.06,0.28,9.92
1678880008.83,0.17,-0.21,9.76
1678880008.84,0.05,0.39,9.86
1678880008.85,0.31,-0.34,9.79
1678880008.86,-0.05,-0.50,9.79
1678880008.87,0.06,-0.18,9.66
1678880008.88,0.12,-0.10,9.90
1678880008.89,0.17,-0.46,9.85
1678880008.90,0.03,0.54,9.81
1678880008.91,0.04,-0.14,9.66
1678880008.92,0.25,0.74,9.64
1678880008.93,0.07,-0.04,9.75
1678880008.94,0.25,0.44,9.79
1678880008.95,0.35,0.01,9.79
1678880008.96,0.13,-0.26,9.96
1678880008.97,0.17,-0.12,9.79
1678880008.98,-0.01,0.09,9.68
1678880008.99,0.10,-0.18,9.87
1678880009.00,0.23,0.28,9.80
1678880009.01,0.01,-0.10,9.81
1678880009.02,0.16,-0.20,9.71
1678880009.03,0.12,0.48,10.00
1678880009.04,0.20,-0.35,9.95
1678880009.05,-0.00,-0.27,9.85
1678880009.06,-0.07,0.28,9.80
1678880009.07,0.15,-0.29,9.89
1678880009.08,0.16,-0.13,9.90
1678880009.09,-0.22,0.13,9.80
1678880009.10,0.00,0.06,9.86
1678880009.11,0.01,-0.04,9.81
1678880009.12,0.15,0.43,9.76
1678880009.13,0.26,-0.46,9.84
1678880009.14,-0.11,0.03,9.88
1678880009.15,0.34,0.02,9.74
1678880009.16,0.22,0.01,9.82
1678880009.17,0.21,0.38,9.64
1678880009.18,0.11,-0.01,9.70
1678880009.19,-0.09,-0.02,9.76
1678880009.20,0.01,-0.05,9.77
1678880009.21,0.10,0.55,9.81
1678880009.22,0.33,0.44,9.91
1678880009.23,0.01,-0.10,9.72
1678880009.24,0.15,-0.02,9.85
1678880009.25,0.14,0.06,9.77
1678880009.26,-0.02,-0.15,9.88
1678880009.27,0.08,-0.02,9.90
1678880009.28,0.16,-0.52,9.80
1678880009.29,-0.00,-0.02,9.85
1678880009.30,0.16,0.58,9.76
1678880009.31,0.06,0.20,9.91
1678880009.32,-0.02,0.24,9.88
1678880009.33,0.08,-0.10,9.88
1678880009.34,0.15,0.14,9.74
1678880009.35,-0.11,-0.03,9.78
1678880009.36,0.15,-0.27,9.87
1678880009.37,0.15,-0.26,9.90
1678880009.38,0.06,-0.24,9.84
1678880009.39,0.10,-0.32,9.87
1678880009.40,0.10,-0.27,9.63
1678880009.41,0.15,0.03,9.82
1678880009.42,0.27,-0.87,9.94
1678880009.43,0.26,-0.34,9.91
1678880009.44,0.00,-0.36,9.80
1678880009.45,0.32,0.13,9.81
1678880009.46,0.21,-0.22,9.96
1678880009.47,0.29,0.15,9.73
1678880009.48,0.23,0.10,9.87
1678880009.49,0.24,0.15,9.72
1678880009.50,0.28,0.10,9.84
1678880009.51,0.17,0.11,9.88
1678880009.52,0.12,-0.06,9.75
1678880009.53,0.04,-0.10,9.91
1678880009.54,0.06,-0.04,9.80
1678880009.55,0.16,0.23,10.01
1678880009.56,-0.07,-0.08,9.87
1678880009.57,-0.10,0.61,9.80
1678880009.58,0.00,0.34,9.59
1678880009.59,0.13,-0.35,9.81
1678880009.60,0.14,0.28,9.85
1678880009.61,0.35,0.02,9.78
1678880009.62,0.25,-0.02,9.85
1678880009.63,-0.37,0.16,9.80
1678880009.64,0.05,-0.23,9.90
1678880009.65,-0.15,1.10,9.93
1678880009.66,0.14,0.67,9.84
1678880009.67,-0.01,0.36,9.65
1678880009.68,0.17,0.42,9.86
1678880009.69,-0.07,0.07,9.80
1678880009.70,0.01,-0.81,9.69
1678880009.71,0.04,0.39,10.09
1678880009.72,0.20,-0.28,9.77
1678880009.73,0.23,0.21,9.85
1678880009.74,0.13,0.42,10.03
1678880009.75,0.10,0.06,9.86
1678880009.76,0.04,-0.77,9.86
1678880009.77,0.01,0.46,9.83
1678880009.78,0.28,-0.30,9.92
1678880009.79,-0.10,0.33,9.79
1678880009.80,0.21,-0.13,9.88
1678880009.81,0.16,0.13,9.85
1678880009.82,0.30,-0.20,9.95
1678880009.83,0.06,0.42,10.04
1678880009.84,0.00,-0.75,9.83
1678880009.85,0.02,-0.18,9.78
1678880009.86,0.04,0.50,9.92
1678880009.87,0.24,0.81,9.73
1678880009.88,-0.20,0.71,9.84
1678880009.89,0.09,-0.63,9.67
1678880009.90,0.18,-0.05,9.59
1678880009.91,-0.01,0.37,9.94
1678880009.92,0.13,0.99,9.91
1678880009.93,0.32,0.47,9.89
1678880009.94,-0.06,-0.56,9.74
1678880009.95,0.13,0.00,9.85
1678880009.96,0.10,0.17,9.91
1678880009.97,0.10,-0.10,9.55
1678880009.98,0.20,-0.27,9.72
1678880009.99,0.20,0.32,9.88
1678880010.00,0.21,-0.38,9.79
1678880010.01,0.03,0.61,9.90
1678880010.02,0.07,0.29,9.85
1678880010.03,0.09,0.16,9.90
1678880010.04,0.08,-0.44,9.85
1678880010.05,0.07,-0.40,9.73
1678880010.06,0.07,0.01,9.87
1678880010.07,0.07,0.16,9.77
1678880010.08,0.17,0.14,9.87
1678880010.09,0.27,-0.10,9.65
1678880010.10,0.09,0.28,9.81
1678880010.11,0.14,-0.60,9.73
1678880010.12,0.16,0.27,9.73
1678880010.13,0.14,-0.25,9.69
1678880010.14,0.11,0.08,9.85
1678880010.15,0.19,0.59,9.90
1678880010.16,0.06,0.33,9.66
1678880010.17,0.11,0.37,9.88
1678880010.18,0.20,0.67,9.74
1678880010.19,0.20,-0.03,9.92
1678880010.20,0.11,0.27,9.96
1678880010.21,0.18,-0.07,9.77
1678880010.22,0.02,0.36,9.94
1678880010.23,0.07,-0.63,9.75
1678880010.24,0.15,-0.33,9.61
1678880010.25,0.05,-0.71,9.84
1678880010.26,0.05,0.02,9.94
1678880010.27,-0.01,-0.75,9.81
1678880010.28,0.16,-0.50,9.77
1678880010.29,0.06,0.01,9.75
1678880010.30,0.42,-0.09,9.83
1678880010.31,0.04,-0.93,9.95
1678880010.32,-0.28,0.47,9.68
1678880010.33,-0.06,-0.04,10.03
1678880010.34,0.14,-0.07,9.73
1678880010.35,0.18,-0.13,9.88
1678880010.36,-0.14,0.18,9.84
1678880010.37,-0.06,-0.36,9.80
1678880010.38,0.04,0.10,9.67
1678880010.39,-0.01,0.74,9.73
1678880010.40,0.05,-0.06,9.78
1678880010.41,0.24,-0.20,9.90
1678880010.42,-0.00,0.27,9.79
1678880010.43,0.08,-0.03,9.87
1678880010.44,-0.04,-0.34,10.01
1678880010.45,0.16,-0.13,9.87
1678880010.46,0.09,-0.79,9.83
1678880010.47,0.09,0.12,9.73
1678880010.48,0.07,0.40,9.79
1678880010.49,0.05,0.13,9.77
1678880010.50,0.23,-0.06,9.85
1678880010.51,0.02,-0.44,9.88
1678880010.52,0.13,0.22,9.88
1678880010.53,-0.08,0.04,9.61
1678880010.54,0.16,-0.38,9.86
1678880010.55,0.19,-0.19,9.81
1678880010.56,0.25,-0.58,9.87
1678880010.57,0.11,0.33,9.64
1678880010.58,0.10,0.39,9.95
1678880010.59,0.01,-0.10,9.99
1678880010.60,-0.07,-0.02,9.83
1678880010.61,0.12,-0.33,9.91
1678880010.62,0.21,0.64,9.73
1678880010.63,0.04,0.38,9.99
1678880010.64,0.10,-0.53,9.79
1678880010.65,0.22,0.24,9.92
1678880010.66,0.33,-0.15,9.72
1678880010.67,-0.04,-0.04,9.91
1678880010.68,0.31,0.08,9.81
1678880010.69,0.08,0.43,9.73
1678880010.70,0.09,-0.03,9.81
1678880010.71,0.32,-0.31,10.06
1678880010.72,0.02,-0.29,9.74
1678880010.73,0.18,-0.00,9.92
1678880010.74,0.00,-0.59,9.77
1678880010.75,0.13,-0.51,9.80
1678880010.76,0.16,-0.28,9.73
1678880010.77,-0.03,-0.05,9.86
1678880010.78,0.43,0.41,9.68
1678880010.79,-0.08,-0.04,9.97
1678880010.80,0.18,-0.18,9.91
1678880010.81,0.27,0.51,9.70
1678880010.82,0.15,-0.45,9.73
1678880010.83,-0.05,-0.09,9.67
1678880010.84,0.19,-0.00,9.72
1678880010.85,0.16,0.54,9.84
1678880010.86,0.03,-0.10,9.80
1678880010.87,0.02,-0.60,9.77
1678880010.88,0.25,-0.29,9.62
1678880010.89,0.09,0.39,9.64
1678880010.90,0.12,0.14,9.86
1678880010.91,0.17,0.21,9.65
1678880010.92,0.17,0.48,9.79
1678880010.93,0.14,-0.36,9.94
1678880010.94,0.03,0.58,9.77
1678880010.95,0.18,-0.19,10.00
1678880010.96,-0.14,0.13,9.60
1678880010.97,-0.04,0.66,9.90
1678880010.98,-0.14,-0.00,9.75
1678880010.99,0.17,0.65,9.88
1678880011.00,0.15,0.18,9.70
1678880011.01,0.18,0.32,9.75
1678880011.02,0.02,0.51,9.83
1678880011.03,-0.04,-0.15,9.76
1678880011.04,0.09,-0.03,9.79
1678880011.05,0.30,0.29,9.96
1678880011.06,-0.10,0.04,9.93
1678880011.07,0.19,-0.24,9.73
1678880011.08,0.22,-0.07,9.87
1678880011.09,0.12,-0.04,9.82
1678880011.10,0.00,0.60,9.86
1678880011.11,0.27,-0.19,9.76
1678880011.12,0.06,-0.30,9.88
1678880011.13,0.19,-0.18,9.78
1678880011.14,0.15,-0.26,9.77
1678880011.15,0.29,-0.26,9.76
1678880011.16,0.40,-0.74,9.69
1678880011.17,0.32,-0.14,9.86
1678880011.18,0.35,-0.25,9.75
1678880011.19,0.15,-0.03,9.76
1678880011.20,0.08,-0.46,9.86
1678880011.21,0.20,-0.06,9.79
1678880011.22,0.17,-0.19,9.78
1678880011.23,0.09,0.52,9.81
1678880011.24,0.09,-0.06,9.77
1678880011.25,-0.02,-0.32,9.90
1678880011.26,0.03,0.03,9.76
1678880011.27,-0.06,-0.16,9.95
1678880011.28,0.05,-0.24,9.77
1678880011.29,0.06,0.08,9.77
1678880011.30,0.09,-0.17,9.85
1678880011.31,0.14,0.07,9.87
1678880011.32,0.09,0.42,9.86
1678880011.33,0.28,-0.03,9.84
1678880011.34,0.02,0.01,9.89
1678880011.35,0.06,0.52,9.81
1678880011.36,0.29,-0.37,9.78
1678880011.37,0.04,0.35,9.87
1678880011.38,0.09,-0.16,9.81
1678880011.39,0.19,0.29,9.80
1678880011.40,0.05,0.04,9.82
1678880011.41,0.13,-0.16,9.98
1678880011.42,0.02,0.53,9.95
1678880011.43,0.21,0.66,9.87
1678880011.44,0.06,-0.18,9.74
1678880011.45,0.20,-0.52,9.67
1678880011.46,0.28,0.35,9.85
1678880011.47,0.21,0.27,9.79
1678880011.48,-0.08,0.45,9.85
1678880011.49,-0.07,0.05,9.76
1678880011.50,0.09,-0.11,9.87
1678880011.51,0.07,-0.40,9.88
1678880011.52,0.16,-0.50,9.85
1678880011.53,0.21,-0.05,9.83
1678880011.54,0.01,-0.61,9.86
1678880011.55,0.09,0.15,9.79
1678880011.56,0.07,0.06,9.80
1678880011.57,0.20,-0.15,9.67
1678880011.58,0.12,-0.46,9.56
1678880011.59,-0.03,-0.15,9.73
1678880011.60,-0.08,-0.08,9.93
1678880011.61,0.20,0.00,9.90
1678880011.62,0.05,-0.31,9.88
1678880011.63,-0.03,0.12,9.81
1678880011.64,0.06,-0.16,9.92
1678880011.65,-0.09,0.09,9.78
1678880011.66,0.01,0.01,9.84
1678880011.67,0.09,0.09,9.95
1678880011.68,0.03,0.15,9.64
1678880011.69,0.15,-0.65,9.87
1678880011.70,0.04,0.06,9.66
1678880011.71,0.10,0.29,9.87
1678880011.72,0.10,-0.00,9.92
1678880011.73,0.19,-0.22,9.75
1678880011.74,0.02,-0.01,9.69
1678880011.75,-0.16,-0.08,9.84
1678880011.76,0.12,0.38,9.68
1678880011.77,0.04,-0.50,9.83
1678880011.78,0.09,-0.17,9.81
1678880011.79,0.02,-0.36,9.97
1678880011.80,0.20,-0.06,9.66
1678880011.81,0.07,0.20,9.83
1678880011.82,0.22,0.43,9.80
1678880011.83,0.04,-0.17,9.77
1678880011.84,0.21,-0.15,9.64
1678880011.85,0.16,-0.03,9.76
1678880011.86,-0.14,0.41,9.88
1678880011.87,-0.04,0.05,9.70
1678880011.88,-0.06,-0.73,9.89
1678880011.89,0.21,-0.11,9.80
1678880011.90,0.31,-0.26,9.69
1678880011.91,0.12,0.19,9.78
1678880011.92,-0.07,-0.27,9.88
1678880011.93,0.19,-0.58,9.69
1678880011.94,-0.02,-0.01,10.03
1678880011.95,0.07,0.02,9.73
1678880011.96,0.41,-0.21,9.76
1678880011.97,0.12,-0.46,9.89
1678880011.98,0.10,-0.29,9.75
1678880011.99,-0.13,-0.19,9.58
1678880012.00,0.05,-3.92,9.75
1678880012.01,-0.00,-3.83,9.95
1678880012.02,0.24,-3.97,9.78
1678880012.03,0.18,-3.77,9.68
1678880012.04,0.04,-4.18,9.81
1678880012.05,0.05,-4.03,9.85
1678880012.06,0.17,-3.92,9.78
1678880012.07,0.10,-3.65,9.79
1678880012.08,0.20,-3.48,9.76
1678880012.09,0.32,-3.56,9.97
1678880012.10,0.08,-4.06,9.80
1678880012.11,0.12,-3.96,9.83
1678880012.12,-0.04,-3.47,9.62
1678880012.13,0.20,-3.81,9.79
1678880012.14,0.10,-4.20,9.85
1678880012.15,0.23,-4.08,9.77
1678880012.16,0.10,-4.01,9.67
1678880012.17,0.20,-3.53,9.88
1678880012.18,0.13,-3.82,9.71
1678880012.19,-0.04,-3.61,9.90
1678880012.20,0.10,-3.91,9.80
1678880012.21,0.16,-3.65,10.03
1678880012.22,-0.03,-3.78,9.68
1678880012.23,-0.03,-3.67,9.78
1678880012.24,0.12,-3.81,9.71
1678880012.25,0.05,-3.66,9.82
1678880012.26,0.04,-3.47,9.84
1678880012.27,-0.30,-4.30,9.94
1678880012.28,0.28,-3.65,9.61
1678880012.29,-0.03,-3.88,9.96
1678880012.30,-0.02,0.70,9.90
1678880012.31,0.06,-0.28,9.79
1678880012.32,0.29,-0.34,9.68
1678880012.33,0.25,-0.10,9.82
1678880012.34,0.16,-0.14,9.57
1678880012.35,0.07,0.43,10.03
1678880012.36,0.09,-0.01,9.95
1678880012.37,0.17,0.10,9.61
1678880012.38,0.05,0.08,9.66
1678880012.39,0.06,0.60,9.78
1678880012.40,-0.07,-0.66,9.81
1678880012.41,0.03,-0.30,9.83
1678880012.42,0.13,0.06,9.85
1678880012.43,-0.05,-0.22,9.78
1678880012.44,0.09,0.35,9.74
1678880012.45,0.01,0.52,9.83
1678880012.46,-0.07,-0.11,9.69
1678880012.47,-0.04,-0.47,9.73
1678880012.48,0.35,0.35,9.95
1678880012.49,0.23,-0.05,9.85
1678880012.50,0.11,-0.37,9.69
1678880012.51,0.21,-0.43,9.83
1678880012.52,0.18,0.26,9.85
1678880012.53,-0.04,0.19,9.80
1678880012.54,-0.02,-0.70,9.86
1678880012.55,-0.09,-0.60,9.98
1678880012.56,-0.04,-0.15,9.82
1678880012.57,0.11,-0.36,9.74
1678880012.58,0.20,-0.10,9.81
1678880012.59,-0.16,-0.20,9.90
1678880012.60,0.01,-0.33,9.85
1678880012.61,0.17,0.12,9.75
1678880012.62,0.19,0.57,9.93
1678880012.63,-0.09,1.03,9.68
1678880012.64,-0.05,0.11,9.80
1678880012.65,0.14,0.46,9.90
1678880012.66,-0.01,0.03,9.91
1678880012.67,0.23,0.39,9.89
1678880012.68,0.18,-0.18,9.68
1678880012.69,0.15,-0.16,9.93
1678880012.70,-0.00,-0.13,9.77
1678880012.71,0.22,0.26,9.81
1678880012.72,0.14,0.57,9.63
1678880012.73,0.19,0.38,9.93
1678880012.74,0.20,-0.27,9.76
1678880012.75,0.18,-0.21,9.79
1678880012.76,-0.08,-0.42,9.84
1678880012.77,0.05,-0.27,9.79
1678880012.78,0.14,-0.09,9.83
1678880012.79,0.11,-0.09,9.81
1678880012.80,-0.01,-0.18,9.63
1678880012.81,-0.04,-0.42,9.77
1678880012.82,0.24,-0.00,9.83
1678880012.83,-0.01,0.10,9.98
1678880012.84,0.09,-0.29,9.69
1678880012.85,0.13,-0.33,9.88
1678880012.86,-0.02,-0.58,9.86
1678880012.87,-0.06,0.21,9.91
1678880012.88,0.03,0.07,9.95
1678880012.89,0.04,0.56,9.78
1678880012.90,-0.01,0.03,9.83
1678880012.91,0.24,0.31,9.85
1678880012.92,0.18,0.06,9.89
1678880012.93,0.04,-0.38,9.83
1678880012.94,0.42,0.28,9.74
1678880012.95,0.27,-0.65,9.78
1678880012.96,0.15,-0.24,9.75
1678880012.97,0.08,-0.19,9.73
1678880012.98,-0.03,-0.55,9.71
1678880012.99,0.09,0.35,9.74
1678880013.00,-0.05,0.56,9.70
1678880013.01,0.11,-0.33,9.74
1678880013.02,0.15,0.16,9.94
1678880013.03,0.18,0.05,9.87
1678880013.04,-0.02,0.42,9.86
1678880013.05,0.16,0.21,9.66
1678880013.06,-0.04,0.05,9.82
1678880013.07,0.17,0.04,9.79
1678880013.08,0.25,0.12,9.88
1678880013.09,0.24,0.44,9.84
1678880013.10,0.19,0.09,9.92
1678880013.11,0.37,-0.37,9.73
1678880013.12,0.29,0.07,9.77
1678880013.13,0.02,0.33,9.87
1678880013.14,0.34,-0.03,9.90
1678880013.15,0.30,-0.50,9.70
1678880013.16,0.13,-0.20,9.77
1678880013.17,0.02,-0.05,9.72
1678880013.18,-0.05,0.13,9.82
1678880013.19,0.22,0.18,9.85
1678880013.20,0.19,-0.32,9.76
1678880013.21,0.13,0.33,9.87
1678880013.22,0.07,-0.07,9.83
1678880013.23,-0.04,0.30,9.89
1678880013.24,0.21,0.35,9.91
1678880013.25,-0.13,0.08,9.67
1678880013.26,-0.01,-0.05,9.93
1678880013.27,0.14,0.08,9.99
1678880013.28,0.13,-0.33,9.67
1678880013.29,-0.00,0.04,9.66
1678880013.30,0.15,0.11,9.74
1678880013.31,0.11,0.18,9.75
1678880013.32,0.19,-0.25,9.87
1678880013.33,0.27,0.11,9.68
1678880013.34,0.11,0.03,9.72
1678880013.35,-0.05,-0.13,9.90
1678880013.36,0.20,0.42,9.81
1678880013.37,0.34,-0.30,9.85
1678880013.38,0.07,0.52,9.81
1678880013.39,-0.02,0.08,9.70
1678880013.40,-0.00,0.32,9.81
1678880013.41,0.20,-0.31,9.94
1678880013.42,0.08,-0.69,9.72
1678880013.43,-0.07,-0.51,9.86
1678880013.44,0.14,0.21,9.74
1678880013.45,0.16,-0.51,9.76
1678880013.46,0.08,-0.20,9.82
1678880013.47,0.10,0.16,9.84
1678880013.48,0.21,-0.17,9.88
1678880013.49,0.13,0.09,9.82
1678880013.50,-0.16,0.67,9.72
1678880013.51,0.00,-0.11,9.68
1678880013.52,0.31,-0.22,9.74
1678880013.53,0.00,0.15,9.95
1678880013.54,0.13,-0.27,9.94
1678880013.55,0.13,-0.25,9.80
1678880013.56,0.12,0.08,9.81
1678880013.57,0.10,0.65,10.09
1678880013.58,0.12,-0.32,9.70
1678880013.59,0.20,-0.57,9.79
1678880013.60,0.15,0.06,9.77
1678880013.61,0.32,0.28,9.76
1678880013.62,0.19,-0.06,9.76
1678880013.63,0.05,0.41,9.75
1678880013.64,0.09,0.36,9.84
1678880013.65,0.13,-0.23,10.04
1678880013.66,0.20,-0.83,9.94
1678880013.67,-0.05,-0.48,9.74
1678880013.68,0.25,-0.10,9.83
1678880013.69,-0.10,0.38,9.78
1678880013.70,-0.05,0.11,9.86
1678880013.71,0.11,0.45,9.87
1678880013.72,0.28,-0.02,9.82
1678880013.73,0.20,0.41,9.78
1678880013.74,0.33,0.04,9.81
1678880013.75,0.15,-0.30,9.65
1678880013.76,0.35,0.37,9.72
1678880013.77,0.12,0.22,9.76
1678880013.78,0.27,-0.17,9.91
1678880013.79,0.02,0.18,9.96
1678880013.80,0.16,-0.17,9.83
1678880013.81,0.19,-0.15,9.77
1678880013.82,0.31,0.49,9.74
1678880013.83,-0.06,-0.45,9.70
1678880013.84,0.07,-0.03,9.67
1678880013.85,0.12,-1.02,9.82
1678880013.86,0.29,-0.43,9.52
1678880013.87,0.12,0.25,9.77
1678880013.88,0.13,0.45,9.98
1678880013.89,0.17,-0.43,9.83
1678880013.90,-0.02,-0.01,9.79
1678880013.91,0.03,0.54,9.79
1678880013.92,-0.08,0.13,9.88
1678880013.93,0.11,-0.27,9.77
1678880013.94,0.03,-0.18,9.74
1678880013.95,0.07,-0.47,9.83
1678880013.96,0.01,0.31,9.85
1678880013.97,0.28,-0.48,9.95
1678880013.98,0.09,0.22,9.90
1678880013.99,0.22,0.02,9.86
1678880014.00,0.09,0.25,9.72
1678880014.01,0.15,0.54,10.01
1678880014.02,0.23,0.51,9.86
1678880014.03,0.23,0.68,9.80
1678880014.04,-0.09,-0.06,9.83
1678880014.05,0.00,-0.42,9.76
1678880014.06,-0.05,0.32,9.98
1678880014.07,0.18,-0.49,9.83
1678880014.08,-0.00,0.10,9.73
1678880014.09,0.22,0.25,9.78
1678880014.10,0.16,0.02,9.98
1678880014.11,-0.13,0.14,9.93
1678880014.12,0.06,-0.17,9.83
1678880014.13,-0.01,-0.19,9.71
1678880014.14,0.08,-0.73,9.75
1678880014.15,0.17,-0.13,9.77
1678880014.16,0.21,0.55,9.74
1678880014.17,0.24,-0.61,9.73
1678880014.18,0.16,0.09,9.82
1678880014.19,0.20,-0.07,9.89
1678880014.20,0.04,-0.22,9.62
1678880014.21,0.18,-0.30,9.91
1678880014.22,0.22,-0.08,9.82
1678880014.23,0.12,-0.07,9.66
1678880014.24,0.27,-0.20,9.86
1678880014.25,0.13,0.10,9.83
1678880014.26,0.21,-0.30,9.91
1678880014.27,0.12,0.01,9.77
1678880014.28,0.09,0.20,9.69
1678880014.29,-0.11,-0.10,9.88
1678880014.30,0.06,0.48,9.94
1678880014.31,0.27,0.51,9.84
1678880014.32,0.17,-0.24,9.54
1678880014.33,0.15,-0.27,9.79
1678880014.34,-0.20,0.31,9.79
1678880014.35,0.03,-0.40,9.73
1678880014.36,-0.00,-0.34,9.67
1678880014.37,0.07,-0.12,9.90
1678880014.38,-0.11,-0.16,9.72
1678880014.39,0.14,-0.02,9.89
1678880014.40,0.32,0.00,9.86
1678880014.41,0.01,-0.04,9.81
1678880014.42,0.36,-0.40,9.80
1678880014.43,0.10,-0.26,9.85
1678880014.44,0.10,0.04,9.74
1678880014.45,0.19,-0.33,9.77
1678880014.46,0.20,0.49,9.73
1678880014.47,0.17,-0.03,9.91
1678880014.48,0.11,0.59,9.96
1678880014.49,-0.02,-0.11,9.73
1678880014.50,0.09,-0.64,9.64
1678880014.51,0.22,0.12,9.89
1678880014.52,-0.01,-0.37,9.79
1678880014.53,0.27,0.03,9.83
1678880014.54,0.24,0.13,9.83
1678880014.55,0.15,-0.07,9.97
1678880014.56,0.09,-0.25,9.88
1678880014.57,0.21,-0.17,9.88
1678880014.58,0.23,-1.17,9.64
1678880014.59,0.15,-0.33,9.98
1678880014.60,0.14,-0.04,9.82
1678880014.61,0.05,-0.22,9.82
1678880014.62,0.22,-0.54,9.83
1678880014.63,0.05,0.03,9.73
1678880014.64,0.12,-0.38,9.81
1678880014.65,0.07,-0.58,9.85
1678880014.66,-0.24,-0.13,9.66
1678880014.67,0.13,-0.12,9.89
1678880014.68,0.08,-0.07,9.92
1678880014.69,0.04,-0.01,9.95
1678880014.70,0.18,0.69,9.86
1678880014.71,0.04,0.38,9.90
1678880014.72,0.07,0.19,9.80
1678880014.73,0.16,0.01,9.80
1678880014.74,0.30,0.16,9.68
1678880014.75,0.13,-0.10,9.84
1678880014.76,0.13,0.13,9.64
1678880014.77,-0.09,0.49,9.81
1678880014.78,0.26,0.18,9.76
1678880014.79,-0.10,0.18,9.86
1678880014.80,0.31,-0.07,9.82
1678880014.81,-0.12,-0.21,9.83
1678880014.82,0.06,-0.31,9.95
1678880014.83,0.29,-0.37,9.82
1678880014.84,0.05,0.52,9.83
1678880014.85,0.17,-0.33,9.94
1678880014.86,0.06,0.65,9.92
1678880014.87,0.02,0.18,9.83
1678880014.88,0.07,0.26,9.81
1678880014.89,0.10,-0.22,9.74
1678880014.90,0.11,0.06,9.92
1678880014.91,-0.06,0.04,9.97
1678880014.92,0.02,-0.37,9.72
1678880014.93,0.19,-0.44,9.81
1678880014.94,0.02,-0.20,9.78
1678880014.95,0.06,-0.13,9.80
1678880014.96,0.13,-0.16,9.86
1678880014.97,0.04,-0.16,9.81
1678880014.98,-0.11,-0.29,9.74
1678880014.99,-0.02,-0.08,9.74
1678880015.00,-0.01,0.36,10.02
1678880015.01,0.22,0.10,9.92
1678880015.02,0.14,-0.09,9.82
1678880015.03,0.06,-0.77,9.73
1678880015.04,0.00,0.17,9.76
1678880015.05,-0.12,-0.01,9.84
1678880015.06,0.19,0.13,10.05
1678880015.07,-0.00,0.46,9.90
1678880015.08,0.02,-0.04,9.74
1678880015.09,0.09,-0.16,9.77
1678880015.10,0.10,-0.36,9.92
1678880015.11,0.21,-0.24,9.90
1678880015.12,-0.03,-0.62,9.84
1678880015.13,0.17,-0.26,9.86
1678880015.14,0.34,1.05,9.72
1678880015.15,0.14,-0.43,10.09
1678880015.16,0.05,0.30,9.82
1678880015.17,-0.03,-0.07,9.67
1678880015.18,0.02,-0.09,9.83
1678880015.19,-0.17,-0.02,10.07
1678880015.20,-0.01,0.11,9.77
1678880015.21,-0.24,-0.35,9.74
1678880015.22,0.20,-0.01,9.79
1678880015.23,0.18,0.05,9.79
1678880015.24,0.18,-0.48,9.79
1678880015.25,0.25,-0.75,9.73
1678880015.26,0.12,0.08,9.78
1678880015.27,0.15,-0.31,9.91
1678880015.28,0.12,0.64,9.89
1678880015.29,0.17,0.50,9.73
1678880015.30,0.06,-0.61,9.90
1678880015.31,0.30,-0.17,9.69
1678880015.32,0.23,-0.26,9.76
1678880015.33,0.28,-0.13,9.79
1678880015.34,0.29,0.21,9.70
1678880015.35,0.28,-0.61,9.91
1678880015.36,0.16,-0.18,9.73
1678880015.37,-0.03,0.61,9.82
1678880015.38,0.02,0.20,9.93
1678880015.39,0.14,0.24,9.91
1678880015.40,0.11,0.11,9.80
1678880015.41,-0.02,-0.44,9.86
1678880015.42,0.01,-0.01,9.79
1678880015.43,0.22,0.10,9.84
1678880015.44,0.07,-0.05,9.78
1678880015.45,0.13,-0.60,9.81
1678880015.46,0.14,0.14,9.70
1678880015.47,0.05,-0.13,9.76
1678880015.48,-0.05,-0.38,9.81
1678880015.49,0.15,0.05,9.72
1678880015.50,0.15,-0.07,9.76
1678880015.51,-0.01,-0.18,9.88
1678880015.52,0.08,-0.04,9.71
1678880015.53,0.43,-0.79,9.61
1678880015.54,0.04,0.07,9.99
1678880015.55,0.16,0.11,9.90
1678880015.56,0.11,-0.68,9.84
1678880015.57,0.13,0.76,9.74
1678880015.58,0.25,-0.48,9.96
1678880015.59,0.12,0.29,9.88
1678880015.60,0.18,0.03,9.74
1678880015.61,0.08,-0.27,9.80
1678880015.62,-0.09,0.06,9.91
1678880015.63,0.24,0.46,9.83
1678880015.64,0.08,-0.09,9.85
1678880015.65,0.19,0.12,9.68
1678880015.66,0.27,0.17,9.91
1678880015.67,0.11,-0.09,10.00
1678880015.68,-0.03,-0.59,10.01
1678880015.69,0.13,-0.15,9.75
1678880015.70,-0.14,0.65,9.88
1678880015.71,0.16,0.29,9.72
1678880015.72,0.16,0.38,9.59
1678880015.73,0.17,0.26,9.82
1678880015.74,-0.01,-0.06,9.76
1678880015.75,0.14,-0.19,9.89
1678880015.76,0.04,-0.18,9.93
1678880015.77,0.08,0.19,9.68
1678880015.78,0.28,-0.51,9.82
1678880015.79,0.07,-0.27,9.78
1678880015.80,0.25,0.61,9.79
1678880015.81,0.06,-0.66,9.98
1678880015.82,-0.03,-0.32,9.82
1678880015.83,0.19,0.53,10.03
1678880015.84,0.19,-0.17,9.74
1678880015.85,0.08,0.28,9.91
1678880015.86,0.17,-0.66,9.75
1678880015.87,0.27,-0.19,9.80
1678880015.88,0.43,-0.03,9.95
1678880015.89,0.32,0.27,9.77
1678880015.90,-0.17,-0.30,9.87
1678880015.91,0.17,0.41,9.70
1678880015.92,0.12,-0.72,9.72
1678880015.93,0.16,-0.76,9.89
1678880015.94,0.32,-0.50,9.78
1678880015.95,0.31,0.18,9.85
1678880015.96,0.11,-0.48,9.80
1678880015.97,0.25,0.03,9.88
1678880015.98,0.06,-0.31,9.77
1678880015.99,-0.03,-0.48,9.81
1678880016.00,0.07,-0.33,9.88
1678880016.01,-0.01,0.15,9.86
1678880016.02,0.30,0.12,9.89
1678880016.03,0.11,-0.49,9.90
1678880016.04,0.30,-0.04,10.02
1678880016.05,0.21,0.70,9.79
1678880016.06,-0.01,0.02,9.74
1678880016.07,0.12,-0.08,9.83
1678880016.08,0.09,-0.34,9.76
1678880016.09,0.25,-0.02,9.68
1678880016.10,-0.14,-0.11,9.84
1678880016.11,-0.04,-0.63,9.87
1678880016.12,0.48,0.31,9.71
1678880016.13,0.09,-0.04,9.68
1678880016.14,-0.07,-0.05,9.89
1678880016.15,0.13,-0.24,9.86
1678880016.16,0.16,-0.34,9.69
1678880016.17,0.18,0.40,9.85
1678880016.18,0.24,0.51,9.66
1678880016.19,0.16,0.46,9.92
1678880016.20,0.27,-0.21,9.88
1678880016.21,0.19,-0.21,9.83
1678880016.22,-0.06,-0.30,9.84
1678880016.23,0.23,-0.00,9.96
1678880016.24,0.28,-0.34,9.80
1678880016.25,0.04,0.29,9.88
1678880016.26,0.00,0.32,9.68
1678880016.27,0.24,-0.85,9.79
1678880016.28,0.02,0.24,9.84
1678880016.29,-0.16,-0.47,9.75
1678880016.30,0.24,0.57,9.88
1678880016.31,0.27,-0.26,9.85
1678880016.32,0.12,-0.38,9.77
1678880016.33,0.06,0.16,9.86
1678880016.34,0.03,-0.19,9.62
1678880016.35,0.16,-0.04,9.81
1678880016.36,0.17,-0.17,9.71
1678880016.37,0.03,-0.12,9.83
1678880016.38,0.03,-0.15,9.68
1678880016.39,0.05,-0.61,9.74
1678880016.40,0.16,0.06,9.79
1678880016.41,0.07,0.32,9.69
1678880016.42,0.15,-0.25,9.84
1678880016.43,0.08,-0.19,9.84
1678880016.44,0.02,-0.42,9.76
1678880016.45,-0.05,0.05,9.75
1678880016.46,-0.05,0.13,9.85
1678880016.47,0.08,-0.10,9.90
1678880016.48,0.07,0.09,9.70
1678880016.49,0.17,-0.05,9.86
1678880016.50,0.07,-0.26,9.69
1678880016.51,0.08,-0.16,9.68
1678880016.52,0.25,0.36,9.61
1678880016.53,-0.16,-0.53,9.83
1678880016.54,0.42,-0.41,9.78
1678880016.55,0.26,-0.17,9.92
1678880016.56,0.21,-0.01,9.90
1678880016.57,0.21,-0.49,9.79
1678880016.58,0.02,0.01,9.69
1678880016.59,-0.02,0.02,9.81
1678880016.60,0.27,0.07,9.95
1678880016.61,0.26,0.40,9.46
1678880016.62,0.01,0.16,9.68
1678880016.63,0.04,0.23,9.81
1678880016.64,0.06,0.61,9.77
1678880016.65,0.23,-0.02,9.82
1678880016.66,0.06,-0.29,9.79
1678880016.67,-0.06,0.21,9.82
1678880016.68,0.05,0.28,9.71
1678880016.69,-0.14,0.15,9.67
1678880016.70,-0.07,0.06,9.91
1678880016.71,0.01,-0.31,9.96
1678880016.72,-0.07,0.30,9.85
1678880016.73,0.01,-0.05,9.72
1678880016.74,0.02,-0.05,9.74
1678880016.75,-0.10,0.25,9.75
1678880016.76,0.20,-0.05,10.09
1678880016.77,0.17,-0.47,9.67
1678880016.78,-0.01,-0.15,9.64
1678880016.79,-0.04,0.01,9.65
1678880016.80,0.09,0.08,9.71
1678880016.81,0.17,0.03,9.92
1678880016.82,0.18,-0.07,9.79
1678880016.83,0.16,0.13,9.64
1678880016.84,0.21,-0.20,9.92
1678880016.85,0.12,-0.23,9.81
1678880016.86,0.27,-0.26,9.64
1678880016.87,0.07,0.44,9.97
1678880016.88,0.22,-0.74,9.79
1678880016.89,0.04,-0.06,9.70
1678880016.90,0.07,-0.41,10.04
1678880016.91,0.11,-0.18,9.69
1678880016.92,0.21,0.20,9.93
1678880016.93,0.14,-0.16,9.74
1678880016.94,0.01,-0.14,9.88
1678880016.95,0.03,0.10,9.89
1678880016.96,0.05,0.34,9.85
1678880016.97,0.15,-0.01,9.83
1678880016.98,-0.00,-0.29,9.84
1678880016.99,0.21,-0.08,9.86
1678880017.00,0.07,-0.27,9.81
1678880017.01,0.15,-0.24,9.75
1678880017.02,0.04,0.06,9.66
1678880017.03,0.13,0.09,9.83
1678880017.04,0.03,0.10,9.70
1678880017.05,0.01,0.28,9.68
1678880017.06,0.02,-0.20,9.87
1678880017.07,-0.07,-0.21,9.70
1678880017.08,0.30,-0.10,9.76
1678880017.09,0.11,0.30,9.60
1678880017.10,-0.03,0.08,9.75
1678880017.11,-0.07,-0.25,9.83
1678880017.12,0.14,0.69,9.65
1678880017.13,-0.08,-0.42,9.91
1678880017.14,-0.01,-0.53,9.89
1678880017.15,0.01,0.39,9.83
1678880017.16,0.02,0.31,9.89
1678880017.17,0.28,-0.14,9.78
1678880017.18,0.28,0.39,9.84
1678880017.19,-0.00,-0.37,9.67
1678880017.20,-0.02,-0.07,9.69
1678880017.21,0.19,-0.90,9.73
1678880017.22,0.02,0.21,9.86
1678880017.23,-0.05,0.08,9.71
1678880017.24,0.13,-0.43,9.82
1678880017.25,0.28,0.71,9.92
1678880017.26,-0.02,-0.18,9.72
1678880017.27,0.03,-0.61,9.75
1678880017.28,0.23,0.78,9.85
1678880017.29,0.12,0.24,9.65
1678880017.30,-0.00,0.28,9.79
1678880017.31,0.06,0.30,9.62
1678880017.32,0.24,-0.28,9.87
1678880017.33,0.10,0.25,9.91
1678880017.34,-0.02,0.29,9.86
1678880017.35,0.27,-0.18,9.93
1678880017.36,0.19,-0.15,9.91
1678880017.37,0.06,0.32,9.80
1678880017.38,0.11,0.02,9.91
1678880017.39,0.09,0.20,9.87
1678880017.40,-0.00,0.32,9.96
1678880017.41,0.16,0.14,9.72
1678880017.42,0.25,-0.54,9.82
1678880017.43,0.29,-0.24,9.86
1678880017.44,0.01,0.23,9.67
1678880017.45,0.05,-0.22,9.82
1678880017.46,-0.10,0.53,9.84
1678880017.47,0.04,0.52,9.81
1678880017.48,0.13,0.10,9.97
1678880017.49,0.12,-0.37,9.82
1678880017.50,0.15,-0.01,9.75
1678880017.51,0.00,-0.59,9.86
1678880017.52,-0.00,-0.22,9.86
1678880017.53,0.23,-0.36,9.77
1678880017.54,0.05,0.18,9.71
1678880017.55,0.00,0.15,9.75
1678880017.56,-0.02,-0.00,9.72
1678880017.57,0.07,0.45,9.79
1678880017.58,0.08,-0.16,9.66
1678880017.59,0.12,0.36,9.94
1678880017.60,0.44,-0.10,9.83
1678880017.61,-0.03,0.65,9.91
1678880017.62,0.22,0.21,9.80
1678880017.63,-0.20,0.44,9.88
1678880017.64,0.13,-0.29,9.90
1678880017.65,0.14,0.07,9.70
1678880017.66,-0.03,-0.03,9.80
1678880017.67,-0.02,0.61,9.77
1678880017.68,0.09,0.09,9.96
1678880017.69,0.01,-0.06,9.68
1678880017.70,0.23,0.15,9.83
1678880017.71,0.13,0.64,9.80
1678880017.72,0.03,-0.20,9.91
1678880017.73,0.17,0.17,9.75
1678880017.74,0.17,0.21,9.82
1678880017.75,0.08,0.17,9.85
1678880017.76,0.04,-0.11,9.64
1678880017.77,0.17,-0.04,9.96
1678880017.78,-0.11,0.06,9.87
1678880017.79,0.02,0.17,9.84
1678880017.80,0.16,-0.08,9.49
1678880017.81,0.11,0.03,9.74
1678880017.82,-0.06,0.18,9.85
1678880017.83,0.29,-0.28,9.93
1678880017.84,0.10,-0.17,9.86
1678880017.85,0.21,-0.18,9.97
1678880017.86,0.10,-0.43,9.70
1678880017.87,0.23,-0.19,9.82
1678880017.88,0.11,-0.04,9.91
1678880017.89,0.04,-0.39,9.58
1678880017.90,0.09,-0.09,9.93
1678880017.91,0.02,0.36,9.78
1678880017.92,0.31,-0.34,9.77
1678880017.93,0.18,0.42,9.89
1678880017.94,-0.06,0.38,9.81
1678880017.95,-0.10,-0.20,9.78
1678880017.96,0.00,0.46,9.86
1678880017.97,0.24,-0.31,9.64
1678880017.98,0.15,0.01,9.90
1678880017.99,0.18,0.05,9.89
1678880018.00,0.11,0.07,10.01
1678880018.01,0.25,-0.37,9.65
1678880018.02,0.26,-0.15,9.80
1678880018.03,0.04,0.11,9.77
1678880018.04,-0.04,-0.62,9.57
1678880018.05,-0.03,0.43,9.72
1678880018.06,0.10,0.39,9.94
1678880018.07,0.03,0.25,9.77
1678880018.08,-0.13,0.34,9.82
1678880018.09,-0.01,0.07,9.84
1678880018.10,0.12,-0.34,9.79
1678880018.11,0.14,0.26,9.79
1678880018.12,-0.03,0.15,9.93
1678880018.13,0.03,0.18,9.91
1678880018.14,0.23,0.47,9.84
1678880018.15,0.27,0.47,9.73
1678880018.16,0.14,0.08,9.74
1678880018.17,0.06,-0.70,9.88
1678880018.18,0.20,0.40,9.94
1678880018.19,0.03,-0.06,9.96
1678880018.20,0.23,-0.26,9.57
1678880018.21,0.07,-0.37,9.82
1678880018.22,0.22,-0.51,9.84
1678880018.23,-0.05,0.87,9.82
1678880018.24,0.16,-0.37,9.60
1678880018.25,-0.02,-0.33,9.93
1678880018.26,-0.04,0.29,9.85
1678880018.27,0.09,-0.87,9.76
1678880018.28,0.22,0.19,9.82
1678880018.29,-0.07,0.04,9.84
1678880018.30,0.04,0.15,9.74
1678880018.31,-0.14,-0.23,9.74
1678880018.32,0.25,0.25,9.80
1678880018.33,0.03,0.20,9.96
1678880018.34,-0.02,-0.22,9.93
1678880018.35,0.16,-0.15,9.93
1678880018.36,0.17,-0.33,9.84
1678880018.37,0.10,0.58,9.87
1678880018.38,0.16,0.05,9.86
1678880018.39,-0.07,-0.51,9.85
1678880018.40,0.15,-0.14,9.61
1678880018.41,-0.03,0.19,9.82
1678880018.42,0.02,-0.33,9.84
1678880018.43,0.08,-0.06,9.76
1678880018.44,0.12,0.10,9.75
1678880018.45,0.30,-0.21,9.83
1678880018.46,-0.09,-0.35,9.90
1678880018.47,0.19,0.08,9.74
1678880018.48,0.14,-0.35,9.92
1678880018.49,-0.22,-0.13,9.73
1678880018.50,0.26,-0.07,9.93
1678880018.51,0.27,0.16,9.65
1678880018.52,0.01,-0.17,9.85
1678880018.53,0.15,-0.47,9.89
1678880018.54,-0.02,-0.12,9.84
1678880018.55,0.08,0.55,9.92
1678880018.56,-0.06,-0.39,9.92
1678880018.57,0.11,0.22,9.81
1678880018.58,0.25,0.27,9.89
1678880018.59,0.02,0.21,9.65
1678880018.60,0.07,-0.22,9.73
1678880018.61,-0.01,-0.70,9.93
1678880018.62,0.07,-0.06,9.86
1678880018.63,0.23,0.47,9.77
1678880018.64,0.12,-0.32,9.88
1678880018.65,0.10,0.32,9.89
1678880018.66,0.19,0.19,9.82
1678880018.67,-0.05,0.12,9.98
1678880018.68,0.05,-0.24,9.87
1678880018.69,0.30,-0.36,9.57
1678880018.70,0.03,0.03,9.80
1678880018.71,0.07,-0.18,9.75
1678880018.72,0.00,0.13,9.87
1678880018.73,-0.09,0.55,9.85
1678880018.74,0.17,-0.10,9.84
1678880018.75,-0.03,0.55,9.95
1678880018.76,0.07,-0.46,9.78
1678880018.77,0.17,-0.14,9.73
1678880018.78,0.12,-0.31,9.94
1678880018.79,0.21,0.23,9.74
1678880018.80,0.12,0.39,9.60
1678880018.81,0.12,0.49,9.99
1678880018.82,-0.01,0.10,9.91
1678880018.83,0.24,-0.64,9.61
1678880018.84,0.12,0.17,9.80
1678880018.85,0.06,0.45,9.96
1678880018.86,0.03,0.06,9.69
1678880018.87,0.31,-0.49,9.70
1678880018.88,-0.01,-0.37,9.94
1678880018.89,0.38,0.09,9.78
1678880018.90,0.19,-0.32,9.94
1678880018.91,0.10,0.15,9.74
1678880018.92,0.08,-0.57,9.81
1678880018.93,0.21,-0.65,9.71
1678880018.94,0.04,-0.11,9.80
1678880018.95,0.09,0.10,9.81
1678880018.96,-0.10,0.11,9.93
1678880018.97,0.13,-0.62,9.83
1678880018.98,0.16,-0.35,9.82
1678880018.99,0.25,0.57,9.82
1678880019.00,0.16,-0.06,9.77
1678880019.01,0.27,0.34,9.87
1678880019.02,0.04,0.51,9.91
1678880019.03,-0.06,0.38,9.83
1678880019.04,0.13,-0.71,9.66
1678880019.05,0.22,-0.27,9.89
1678880019.06,-0.06,-0.52,10.00
1678880019.07,0.21,-0.04,9.83
1678880019.08,0.01,0.12,9.93
1678880019.09,0.05,0.17,9.64
1678880019.10,0.32,0.35,9.81
1678880019.11,0.06,0.49,9.76
1678880019.12,0.14,-0.11,9.72
1678880019.13,0.22,-0.14,9.86
1678880019.14,0.06,-0.05,9.79
1678880019.15,0.02,0.26,9.80
1678880019.16,0.20,0.26,9.93
1678880019.17,0.04,0.23,9.79
1678880019.18,0.10,-0.25,9.76
1678880019.19,0.18,-0.12,9.74
1678880019.20,0.20,0.12,9.69
1678880019.21,0.11,0.39,9.92
1678880019.22,0.04,-0.39,9.77
1678880019.23,0.26,0.26,9.58
1678880019.24,0.20,-0.78,10.00
1678880019.25,0.20,-0.14,9.82
1678880019.26,0.18,-0.17,9.86
1678880019.27,0.08,-0.09,9.96
1678880019.28,-0.14,0.02,9.67
1678880019.29,0.08,-0.25,10.06
1678880019.30,0.04,-0.05,9.75
1678880019.31,0.21,-0.18,9.74
1678880019.32,0.32,0.27,9.84
1678880019.33,0.39,-0.22,9.73
1678880019.34,0.00,0.42,9.75
1678880019.35,0.24,-0.22,9.63
1678880019.36,0.00,0.10,9.93
1678880019.37,0.26,0.13,9.88
1678880019.38,-0.22,0.09,9.81
1678880019.39,0.06,-0.23,9.90
1678880019.40,0.24,0.69,9.79
1678880019.41,0.00,0.66,9.78
1678880019.42,0.04,-0.49,9.85
1678880019.43,0.17,0.30,9.83
1678880019.44,0.17,0.19,9.86
1678880019.45,0.24,0.30,9.83
1678880019.46,0.04,0.28,9.75
1678880019.47,0.08,-0.25,10.02
1678880019.48,-0.02,0.23,9.88
1678880019.49,0.21,-0.01,9.82
1678880019.50,0.08,-0.95,9.73
1678880019.51,0.26,-0.29,9.82
1678880019.52,0.42,-0.34,9.76
1678880019.53,0.07,-0.70,9.72
1678880019.54,-0.07,0.19,9.79
1678880019.55,-0.16,0.28,9.91
1678880019.56,0.06,0.33,9.87
1678880019.57,-0.01,0.10,9.83
1678880019.58,-0.00,-0.36,9.85
1678880019.59,0.38,-0.01,9.83
1678880019.60,-0.03,-0.09,9.79
1678880019.61,0.05,-0.23,9.81
1678880019.62,0.03,0.43,10.01
1678880019.63,0.01,-0.13,9.85
1678880019.64,0.17,-0.27,9.75
1678880019.65,0.17,-0.57,10.03
1678880019.66,0.14,-0.11,9.79
1678880019.67,-0.03,0.63,9.80
1678880019.68,0.05,0.61,9.91
1678880019.69,0.08,0.15,9.78
1678880019.70,0.06,-0.08,9.84
1678880019.71,0.23,0.69,9.59
1678880019.72,0.38,0.36,9.81
1678880019.73,0.05,-0.65,9.93
1678880019.74,-0.03,0.23,9.77
1678880019.75,-0.10,0.15,9.86
1678880019.76,-0.01,0.30,9.99
1678880019.77,0.16,0.15,9.74
1678880019.78,-0.02,-0.14,9.82
1678880019.79,0.10,-0.07,10.06
1678880019.80,0.17,-0.34,9.69
1678880019.81,-0.11,-0.35,9.87
1678880019.82,0.07,-0.24,9.87
1678880019.83,0.17,0.13,9.81
1678880019.84,0.10,-0.46,9.63
1678880019.85,0.00,-0.28,9.73
1678880019.86,0.08,-0.17,9.68
1678880019.87,0.09,0.12,9.76
1678880019.88,0.20,0.11,9.85
1678880019.89,0.06,0.14,9.88
1678880019.90,-0.13,0.37,9.76
1678880019.91,0.18,-0.81,9.77
1678880019.92,-0.10,-0.05,9.83
1678880019.93,0.15,0.01,9.68
1678880019.94,0.26,-0.47,9.78
1678880019.95,0.01,-0.21,9.67
1678880019.96,0.23,0.26,9.82
1678880019.97,0.08,-0.34,9.80
1678880019.98,-0.01,0.03,9.85
1678880019.99,0.07,0.14,9.87
1678880020.00,0.20,-2.15,9.67
1678880020.01,-0.05,-2.01,9.65
1678880020.02,0.20,-1.73,9.97
1678880020.03,0.22,-1.72,9.77
1678880020.04,0.20,-2.10,9.67
1678880020.05,-0.00,-1.83,9.99
1678880020.06,0.14,-1.79,9.85
1678880020.07,0.14,-1.75,9.94
1678880020.08,0.11,-2.23,9.84
1678880020.09,0.16,-2.13,9.84
1678880020.10,0.16,-1.83,9.81
1678880020.11,0.00,-2.34,9.86
1678880020.12,0.17,-1.73,9.85
1678880020.13,0.30,-2.07,10.04
1678880020.14,0.06,-1.90,9.65
1678880020.15,0.11,-1.75,9.92
1678880020.16,0.18,-1.75,9.84
1678880020.17,0.22,-1.92,9.85
1678880020.18,0.13,-2.08,9.78
1678880020.19,-0.01,-1.93,9.87
1678880020.20,0.03,-1.76,9.83
1678880020.21,0.36,-1.83,9.84
1678880020.22,0.23,-2.15,9.77
1678880020.23,0.20,-1.79,9.87
1678880020.24,0.02,-1.93,9.92
1678880020.25,0.01,-2.00,9.85
1678880020.26,0.31,-1.85,9.66
1678880020.27,0.29,-1.90,9.76
1678880020.28,-0.06,-1.84,9.86
1678880020.29,-0.03,-1.63,9.99
1678880020.30,0.14,-1.93,9.90
1678880020.31,-0.20,-1.63,9.95
1678880020.32,0.08,-2.16,9.78
1678880020.33,0.07,-2.06,9.75
1678880020.34,-0.06,-1.77,9.72
1678880020.35,0.06,-1.80,9.87
1678880020.36,-0.07,-1.83,9.84
1678880020.37,0.14,-2.38,9.69
1678880020.38,-0.03,-1.67,9.89
1678880020.39,0.14,-2.24,9.81
1678880020.40,0.12,-2.10,9.75
1678880020.41,0.09,-2.09,9.89
1678880020.42,0.13,-1.71,9.61
1678880020.43,0.02,-1.74,9.73
1678880020.44,0.25,-2.03,9.86
1678880020.45,0.06,-1.66,9.92
1678880020.46,0.04,-2.16,9.74
1678880020.47,0.04,-1.84,9.62
1678880020.48,-0.02,-1.88,9.54
1678880020.49,0.02,-1.92,9.90
1678880020.50,0.14,0.02,9.86
1678880020.51,0.01,-0.00,9.79
1678880020.52,0.19,-0.20,9.89
1678880020.53,0.16,-0.20,9.88
1678880020.54,0.05,-0.22,9.73
1678880020.55,-0.03,0.11,9.79
1678880020.56,0.06,0.30,9.90
1678880020.57,0.11,-0.68,9.86
1678880020.58,-0.14,-0.31,9.79
1678880020.59,0.28,-0.87,9.66
1678880020.60,0.01,0.24,9.65
1678880020.61,0.00,0.42,9.90
1678880020.62,0.03,0.35,9.82
1678880020.63,-0.01,-0.25,9.75
1678880020.64,-0.03,0.16,9.91
1678880020.65,-0.07,0.23,9.71
1678880020.66,0.09,0.11,9.91
1678880020.67,0.10,0.09,9.97
1678880020.68,0.29,0.37,9.89
1678880020.69,0.16,0.57,9.88
1678880020.70,0.02,0.04,9.85
1678880020.71,-0.07,-0.20,9.98
1678880020.72,-0.04,0.18,9.84
1678880020.73,0.22,-0.27,9.73
1678880020.74,0.11,-0.22,9.96
1678880020.75,0.12,0.30,9.71
1678880020.76,0.17,0.87,9.80
1678880020.77,-0.03,0.40,9.76
1678880020.78,-0.05,-0.39,9.69
1678880020.79,0.16,-0.30,9.72
1678880020.80,0.06,0.15,9.90
1678880020.81,0.25,-0.12,9.91
1678880020.82,0.01,0.60,9.87
1678880020.83,0.13,-0.56,9.91
1678880020.84,0.04,-0.21,9.73
1678880020.85,0.03,0.17,9.85
1678880020.86,0.11,0.66,9.69
1678880020.87,0.13,-0.46,9.87
1678880020.88,0.17,0.05,9.86
1678880020.89,0.17,0.17,9.67
1678880020.90,0.21,0.61,9.92
1678880020.91,0.07,0.69,9.83
1678880020.92,0.24,0.24,9.95
1678880020.93,-0.09,-0.28,9.86
1678880020.94,0.07,-0.13,9.96
1678880020.95,0.03,0.11,9.85
1678880020.96,0.07,-0.81,9.62
1678880020.97,0.07,0.77,9.74
1678880020.98,0.10,0.73,9.81
1678880020.99,0.16,0.11,9.73
1678880021.00,-0.00,-0.18,9.81
1678880021.01,0.01,-0.17,9.84
1678880021.02,0.24,0.83,9.74
1678880021.03,0.13,-0.34,9.75
1678880021.04,-0.11,0.60,9.77
1678880021.05,0.22,-0.37,9.58
1678880021.06,0.30,-0.57,9.71
1678880021.07,0.24,0.03,9.79
1678880021.08,0.26,-0.10,9.89
1678880021.09,-0.05,0.50,9.75
1678880021.10,0.12,-0.25,9.73
1678880021.11,0.07,0.32,9.79
1678880021.12,0.12,-0.17,9.94
1678880021.13,-0.08,-0.59,9.95
1678880021.14,-0.16,0.60,9.81
1678880021.15,0.15,0.11,9.74
1678880021.16,0.16,0.71,9.93
1678880021.17,0.01,0.43,9.69
1678880021.18,0.07,0.05,9.93
1678880021.19,-0.07,0.37,9.77
1678880021.20,-0.10,0.35,9.77
1678880021.21,-0.14,0.28,9.64
1678880021.22,0.05,-0.39,9.73
1678880021.23,0.23,0.22,9.66
1678880021.24,0.07,0.02,9.95
1678880021.25,0.16,-0.42,9.68
1678880021.26,0.18,0.27,9.75
1678880021.27,0.02,0.18,9.84
1678880021.28,-0.22,-0.09,9.89
1678880021.29,-0.08,0.30,9.69
1678880021.30,0.13,-0.30,9.65
1678880021.31,0.13,-0.04,9.96
1678880021.32,0.20,-0.56,9.84
1678880021.33,0.22,0.30,10.00
1678880021.34,0.33,-0.25,9.85
1678880021.35,0.39,0.45,9.74
1678880021.36,-0.08,-0.54,9.88
1678880021.37,0.09,-0.06,9.75
1678880021.38,-0.00,0.22,9.81
1678880021.39,0.15,-0.57,9.99
1678880021.40,0.24,0.37,9.60
1678880021.41,0.21,-0.50,9.85
1678880021.42,0.24,0.38,9.88
1678880021.43,0.32,0.06,9.73
1678880021.44,0.04,0.01,9.89
1678880021.45,-0.03,0.29,9.81
1678880021.46,0.04,-0.33,9.76
1678880021.47,0.14,-0.07,9.89
1678880021.48,-0.09,-0.51,9.71
1678880021.49,0.23,-0.05,9.81
1678880021.50,0.17,0.23,9.76
1678880021.51,-0.07,-0.13,9.66
1678880021.52,0.09,-0.27,9.84
1678880021.53,0.12,-0.13,9.87
1678880021.54,0.44,-0.65,10.05
1678880021.55,-0.02,-0.47,9.71
1678880021.56,0.19,0.08,9.75
1678880021.57,0.03,-0.27,9.87
1678880021.58,0.25,-0.09,9.74
1678880021.59,0.05,-0.81,9.80
1678880021.60,0.15,-0.13,9.76
1678880021.61,0.23,0.11,9.85
1678880021.62,0.16,0.05,9.94
1678880021.63,-0.06,-0.01,9.58
1678880021.64,0.05,0.70,9.68
1678880021.65,-0.03,-0.03,9.90
1678880021.66,0.18,-0.19,9.98
1678880021.67,0.09,0.40,9.97
1678880021.68,-0.02,-0.52,9.86
1678880021.69,0.12,0.01,9.84
1678880021.70,0.09,0.55,9.51
1678880021.71,0.25,0.09,9.80
1678880021.72,-0.02,0.43,9.69
1678880021.73,0.11,0.40,9.64
1678880021.74,0.14,0.11,9.85
1678880021.75,0.04,0.20,9.91
1678880021.76,0.06,0.73,9.70
1678880021.77,0.02,0.42,9.79
1678880021.78,-0.01,-0.16,9.96
1678880021.79,0.20,-0.32,9.62
1678880021.80,0.28,0.09,9.77
1678880021.81,-0.01,-0.73,9.68
1678880021.82,0.14,-0.17,9.97
1678880021.83,0.21,-0.21,9.72
1678880021.84,0.25,-0.13,10.07
1678880021.85,0.11,-0.48,9.61
1678880021.86,0.01,0.51,9.79
1678880021.87,-0.20,-0.22,9.78
1678880021.88,0.26,0.15,9.80
1678880021.89,0.14,0.78,9.92
1678880021.90,0.01,0.24,9.92
1678880021.91,0.38,0.10,9.78
1678880021.92,0.14,-0.17,9.83
1678880021.93,0.00,0.01,9.66
1678880021.94,0.20,0.28,9.64
1678880021.95,0.19,-0.20,9.95
1678880021.96,0.22,0.38,9.87
1678880021.97,-0.03,-0.73,9.82
1678880021.98,-0.05,0.07,9.66
1678880021.99,0.19,0.18,9.68
1678880022.00,-0.02,0.15,9.90
1678880022.01,0.13,-0.24,9.83
1678880022.02,0.07,-0.19,9.67
1678880022.03,0.10,-0.29,9.80
1678880022.04,-0.14,0.29,9.75
1678880022.05,0.11,0.53,9.97
1678880022.06,0.18,-0.36,9.80
1678880022.07,0.14,0.09,9.82
1678880022.08,0.20,0.23,9.93
1678880022.09,0.20,-0.24,9.78
1678880022.10,0.10,0.14,9.76
1678880022.11,0.10,-0.12,9.76
1678880022.12,0.15,0.32,9.99
1678880022.13,0.22,-0.14,9.94
1678880022.14,-0.07,0.15,9.75
1678880022.15,0.03,0.69,9.77
1678880022.16,0.13,0.21,9.81
1678880022.17,-0.06,0.11,9.78
1678880022.18,0.09,-0.01,9.86
1678880022.19,0.15,-0.53,9.83
1678880022.20,0.31,-0.67,9.72
1678880022.21,0.02,-0.70,9.63
1678880022.22,-0.02,0.40,9.77
1678880022.23,-0.01,-0.06,9.86
1678880022.24,0.16,0.01,10.07
1678880022.25,0.13,0.15,9.76
1678880022.26,-0.00,-0.41,9.68
1678880022.27,0.17,0.06,9.75
1678880022.28,0.06,0.37,9.79
1678880022.29,0.10,0.10,9.86
1678880022.30,0.01,-0.86,9.61
1678880022.31,0.14,-0.20,9.78
1678880022.32,-0.11,-0.28,9.82
1678880022.33,0.10,-0.38,9.69
1678880022.34,0.33,-0.09,9.80
1678880022.35,-0.06,-0.27,9.78
1678880022.36,-0.04,0.03,9.69
1678880022.37,0.01,-0.28,9.64
1678880022.38,-0.09,0.04,9.71
1678880022.39,0.08,-0.05,9.84
1678880022.40,0.20,-0.23,9.69
1678880022.41,0.12,0.30,9.78
1678880022.42,0.09,-0.07,9.79
1678880022.43,0.18,-0.14,9.87
1678880022.44,0.15,0.75,9.74
1678880022.45,0.24,0.28,9.69
1678880022.46,0.17,0.21,9.75
1678880022.47,-0.20,0.26,9.68
1678880022.48,0.08,-0.62,9.87
1678880022.49,-0.12,-0.21,9.75
1678880022.50,0.10,-0.52,9.86
1678880022.51,0.16,-0.13,9.78
1678880022.52,-0.23,0.56,9.79
1678880022.53,0.18,0.06,9.82
1678880022.54,0.18,-0.22,9.91
1678880022.55,0.29,0.07,9.79
1678880022.56,0.22,0.14,9.77
1678880022.57,0.06,0.04,9.89
1678880022.58,0.04,0.28,10.01
1678880022.59,0.17,-0.02,9.87
1678880022.60,0.05,-0.39,9.73
1678880022.61,-0.06,0.34,9.76
1678880022.62,-0.12,0.18,9.85
1678880022.63,0.14,-0.47,9.70
1678880022.64,0.31,-0.21,9.86
1678880022.65,0.11,-0.49,9.66
1678880022.66,0.16,-0.11,9.78
1678880022.67,0.23,-0.57,9.80
1678880022.68,0.24,0.30,9.78
1678880022.69,0.16,0.22,9.72
1678880022.70,-0.08,0.30,9.82
1678880022.71,0.32,-0.23,9.91
1678880022.72,0.20,0.17,9.81
1678880022.73,-0.01,-0.10,9.76
1678880022.74,0.10,-0.37,9.83
1678880022.75,0.31,-0.31,9.86
1678880022.76,-0.13,0.18,9.84
1678880022.77,-0.01,0.19,9.82
1678880022.78,0.32,0.04,9.85
1678880022.79,0.08,-0.39,10.07
1678880022.80,0.12,0.11,9.82
1678880022.81,-0.08,-0.48,9.64
1678880022.82,0.26,0.18,9.78
1678880022.83,-0.07,-0.29,9.80
1678880022.84,-0.05,0.31,9.73
1678880022.85,0.07,-0.04,9.59
1678880022.86,0.20,0.01,9.59
1678880022.87,0.05,-0.12,9.71
1678880022.88,0.14,0.42,9.84
1678880022.89,-0.07,-0.24,9.61
1678880022.90,0.12,-0.35,9.84
1678880022.91,0.20,0.31,9.83
1678880022.92,0.07,-0.57,10.03
1678880022.93,0.37,-0.03,9.85
1678880022.94,-0.04,-0.14,9.81
1678880022.95,0.03,0.62,9.84
1678880022.96,0.03,-0.14,9.83
1678880022.97,-0.09,0.17,9.81
1678880022.98,0.21,0.12,9.74
1678880022.99,0.02,0.49,9.85
1678880023.00,0.17,0.21,9.80
1678880023.01,-0.03,0.63,9.79
1678880023.02,0.25,-0.03,9.92
1678880023.03,-0.00,-0.46,9.78
1678880023.04,0.04,0.23,9.84
1678880023.05,-0.09,-0.26,9.67
1678880023.06,0.01,-0.03,9.75
1678880023.07,0.24,0.15,9.73
1678880023.08,0.25,0.32,9.83
1678880023.09,0.06,0.68,9.89
1678880023.10,-0.03,0.06,9.73
1678880023.11,0.21,-0.36,9.75
1678880023.12,0.03,0.17,9.71
1678880023.13,0.10,-0.75,9.90
1678880023.14,-0.22,0.06,9.83
1678880023.15,0.04,0.38,9.92
1678880023.16,0.23,0.40,9.84
1678880023.17,0.05,0.09,9.92
1678880023.18,0.09,-0.84,9.64
1678880023.19,0.32,-0.29,9.75
1678880023.20,0.21,0.31,9.87
1678880023.21,0.12,-0.74,10.03
1678880023.22,0.05,0.38,9.82
1678880023.23,0.04,-0.09,9.79
1678880023.24,0.30,-0.45,9.85
1678880023.25,0.32,-0.18,9.81
1678880023.26,-0.04,0.58,9.70
1678880023.27,0.18,-0.69,9.72
1678880023.28,0.13,-0.39,9.78
1678880023.29,-0.06,0.03,9.69
1678880023.30,-0.03,0.09,9.62
1678880023.31,0.18,-0.29,9.97
1678880023.32,0.04,-0.31,9.82
1678880023.33,0.22,-0.85,9.75
1678880023.34,0.25,-0.36,9.69
1678880023.35,-0.09,-0.12,9.68
1678880023.36,0.15,-0.53,9.76
1678880023.37,0.08,-0.21,9.79
1678880023.38,-0.02,-0.31,9.93
1678880023.39,0.15,0.15,9.92
1678880023.40,0.15,-0.11,9.87
1678880023.41,0.07,0.61,9.83
1678880023.42,0.11,0.55,9.89
1678880023.43,0.02,0.17,9.68
1678880023.44,0.07,0.06,9.82
1678880023.45,0.08,-0.33,9.85
1678880023.46,0.17,-0.24,9.81
1678880023.47,0.16,0.17,9.85
1678880023.48,0.16,0.21,9.88
1678880023.49,0.15,-0.18,9.84
1678880023.50,0.02,-0.20,9.84
1678880023.51,0.11,-0.24,9.87
1678880023.52,0.01,0.16,9.68
1678880023.53,0.26,0.17,9.86
1678880023.54,0.10,-0.46,9.64
1678880023.55,0.11,-0.13,9.84
1678880023.56,0.22,0.15,9.71
1678880023.57,0.18,-0.21,9.85
1678880023.58,0.17,-0.18,9.96
1678880023.59,0.06,0.01,9.94
1678880023.60,0.12,-0.29,9.78
1678880023.61,0.13,-0.16,9.76
1678880023.62,0.21,-0.07,9.98
1678880023.63,0.08,-0.36,9.79
1678880023.64,0.21,-0.20,9.92
1678880023.65,0.10,0.14,9.74
1678880023.66,0.10,-0.00,9.91
1678880023.67,0.04,-0.55,9.70
1678880023.68,0.02,0.22,9.72
1678880023.69,-0.02,-0.11,9.81
1678880023.70,0.09,-0.45,9.78
1678880023.71,0.21,0.14,9.85
1678880023.72,0.01,-0.10,9.69
1678880023.73,0.17,0.30,9.79
1678880023.74,0.05,-0.29,9.80
1678880023.75,0.30,-0.25,9.83
1678880023.76,0.21,-0.03,9.68
1678880023.77,0.14,0.53,9.83
1678880023.78,0.10,-0.02,9.60
1678880023.79,0.14,-0.17,9.72
1678880023.80,0.25,-0.33,9.82
1678880023.81,-0.05,0.12,9.67
1678880023.82,0.13,0.04,9.88
1678880023.83,-0.06,-0.15,9.73
1678880023.84,0.19,-0.61,9.77
1678880023.85,0.16,0.06,9.66
1678880023.86,0.23,0.02,9.91
1678880023.87,0.05,0.01,9.83
1678880023.88,0.05,0.77,9.78
1678880023.89,0.14,-0.23,9.75
1678880023.90,0.08,-0.25,9.72
1678880023.91,0.10,-0.15,10.02
1678880023.92,0.08,-0.23,9.87
1678880023.93,0.31,-0.56,9.93
1678880023.94,-0.03,-0.17,9.67
1678880023.95,0.04,-0.49,9.75
1678880023.96,0.06,-0.05,9.84
1678880023.97,0.13,-0.03,9.94
1678880023.98,0.12,0.42,9.82
1678880023.99,0.02,-0.48,9.53
1678880024.00,0.05,-0.40,9.81
1678880024.01,0.25,-0.79,9.88
1678880024.02,-0.08,-0.65,10.03
1678880024.03,0.19,-1.04,9.94
1678880024.04,0.07,0.52,9.72
1678880024.05,0.12,0.04,9.60
1678880024.06,0.12,0.28,9.71
1678880024.07,0.16,0.23,9.81
1678880024.08,0.24,0.22,9.97
1678880024.09,0.13,0.36,9.80
1678880024.10,0.18,0.12,9.85
1678880024.11,0.19,-0.11,9.78
1678880024.12,-0.12,0.08,9.69
1678880024.13,0.01,-0.13,9.88
1678880024.14,0.17,0.16,9.79
1678880024.15,0.13,-0.31,9.96
1678880024.16,0.29,-0.21,9.69
1678880024.17,-0.04,-0.32,9.72
1678880024.18,0.14,0.06,9.89
1678880024.19,0.12,0.07,9.78
1678880024.20,0.29,0.56,9.73
1678880024.21,0.14,-0.09,9.78
1678880024.22,0.03,-0.40,9.78
1678880024.23,0.21,0.48,9.90
1678880024.24,0.12,0.47,9.80
1678880024.25,0.09,-0.46,9.93
1678880024.26,0.22,-0.33,9.68
1678880024.27,0.34,0.08,9.70
1678880024.28,0.06,0.20,9.92
1678880024.29,0.20,0.56,9.88
1678880024.30,0.15,0.43,9.76
1678880024.31,0.03,-0.49,9.89
1678880024.32,0.02,0.09,9.82
1678880024.33,0.06,-0.14,9.91
1678880024.34,0.29,-0.15,9.73
1678880024.35,0.33,0.03,9.75
1678880024.36,0.06,0.30,9.80
1678880024.37,0.11,-0.45,9.73
1678880024.38,0.23,0.15,9.91
1678880024.39,-0.10,-0.20,9.84
1678880024.40,0.18,0.73,9.83
1678880024.41,-0.01,-0.27,9.68
1678880024.42,0.26,-0.05,9.75
1678880024.43,0.24,0.47,9.78
1678880024.44,0.04,0.10,9.64
1678880024.45,0.16,0.24,9.83
1678880024.46,0.19,0.01,9.83
1678880024.47,0.27,0.04,9.97
1678880024.48,0.20,-0.09,9.81
1678880024.49,0.02,0.43,10.09
1678880024.50,0.07,0.10,9.86
1678880024.51,0.11,-0.06,9.87
1678880024.52,-0.08,-0.31,9.83
1678880024.53,0.11,0.07,9.87
1678880024.54,0.24,-0.37,9.74
1678880024.55,0.23,0.03,9.83
1678880024.56,0.25,-0.64,9.96
1678880024.57,0.12,-0.45,9.93
1678880024.58,0.32,0.53,9.78
1678880024.59,0.18,0.19,9.67
1678880024.60,0.41,-0.35,10.02
1678880024.61,0.10,0.09,9.78
1678880024.62,0.27,0.63,9.83
1678880024.63,0.02,-0.24,9.88
1678880024.64,-0.17,-0.56,9.81
1678880024.65,0.14,-0.17,9.77
1678880024.66,-0.11,-0.14,9.79
1678880024.67,0.14,0.20,9.62
1678880024.68,0.29,-0.74,9.86
1678880024.69,0.05,0.34,9.87
1678880024.70,0.08,-0.11,9.64
1678880024.71,0.09,-0.26,9.72
1678880024.72,-0.03,0.00,9.77
1678880024.73,0.20,-0.19,9.66
1678880024.74,0.01,0.01,9.63
1678880024.75,0.26,-0.08,9.80
1678880024.76,0.12,0.23,9.88
1678880024.77,0.01,-0.25,10.01
1678880024.78,-0.15,-0.36,9.72
1678880024.79,0.21,0.10,9.84
1678880024.80,-0.00,0.11,9.71
1678880024.81,0.03,-0.27,9.74
1678880024.82,-0.02,0.07,9.84
1678880024.83,0.00,-0.16,9.85
1678880024.84,0.12,0.50,9.78
1678880024.85,0.14,0.23,9.71
1678880024.86,-0.03,-0.48,9.85
1678880024.87,0.08,0.09,9.82
1678880024.88,0.12,0.22,9.77
1678880024.89,0.19,0.21,9.67
1678880024.90,0.07,0.54,10.17
1678880024.91,0.09,0.01,9.65
1678880024.92,0.11,-0.02,9.75
1678880024.93,0.31,0.07,9.71
1678880024.94,-0.03,0.26,9.75
1678880024.95,-0.01,-0.59,9.80
1678880024.96,0.17,0.28,9.83
1678880024.97,0.30,-0.42,9.83
1678880024.98,0.15,-0.57,9.79
1678880024.99,-0.03,0.08,9.73
1678880025.00,0.18,0.55,9.79
1678880025.01,0.02,-0.43,9.85
1678880025.02,-0.01,0.33,9.98
1678880025.03,0.31,0.64,9.82
1678880025.04,0.16,-0.28,9.68
1678880025.05,0.19,-0.50,9.91
1678880025.06,-0.00,-0.07,9.98
1678880025.07,0.13,0.18,9.78
1678880025.08,0.20,-0.09,9.72
1678880025.09,-0.02,-0.55,9.68
1678880025.10,0.18,-0.03,9.71
1678880025.11,0.19,0.06,9.85
1678880025.12,-0.02,-0.16,9.84
1678880025.13,0.07,0.35,9.89
1678880025.14,0.28,0.11,9.75
1678880025.15,0.11,0.81,9.92
1678880025.16,0.08,0.25,9.79
1678880025.17,0.06,0.40,9.85
1678880025.18,0.21,0.61,9.76
1678880025.19,0.14,0.33,9.89
1678880025.20,0.06,0.02,10.00
1678880025.21,0.03,0.16,9.86
1678880025.22,-0.07,0.23,9.68
1678880025.23,0.13,0.43,9.76
1678880025.24,-0.08,-0.01,9.81
1678880025.25,0.11,0.08,9.84
1678880025.26,-0.08,0.38,9.59
1678880025.27,0.06,0.28,9.73
1678880025.28,-0.07,-0.26,9.76
1678880025.29,0.34,-0.52,9.85
1678880025.30,0.08,-0.29,9.67
1678880025.31,-0.04,0.12,9.88
1678880025.32,0.26,-0.33,9.60
1678880025.33,0.17,0.18,9.93
1678880025.34,-0.13,0.52,9.82
1678880025.35,0.34,-0.07,9.95
1678880025.36,0.03,0.75,9.76
1678880025.37,-0.08,0.08,9.92
1678880025.38,0.25,-0.02,9.85
1678880025.39,0.10,0.47,9.91
1678880025.40,0.04,0.34,9.81
1678880025.41,0.24,-0.13,9.82
1678880025.42,0.03,-0.55,9.69
1678880025.43,0.23,0.22,9.73
1678880025.44,0.16,0.01,9.89
1678880025.45,0.05,-0.00,9.69
1678880025.46,0.24,0.18,9.82
1678880025.47,0.39,0.41,9.95
1678880025.48,0.14,-0.18,9.86
1678880025.49,0.11,-0.12,9.93
1678880025.50,0.06,0.09,9.82
1678880025.51,-0.08,0.19,9.89
1678880025.52,0.11,0.09,9.78
1678880025.53,0.03,-0.22,9.63
1678880025.54,0.16,-0.46,9.77
1678880025.55,-0.15,-0.23,9.86
1678880025.56,0.11,0.01,9.83
1678880025.57,-0.10,0.31,9.77
1678880025.58,0.10,0.15,9.54
1678880025.59,0.27,-0.12,9.87
1678880025.60,0.06,-0.22,9.94
1678880025.61,-0.04,0.10,9.76
1678880025.62,0.16,0.31,9.88
1678880025.63,0.17,-0.21,9.79
1678880025.64,0.14,0.42,9.86
1678880025.65,0.08,0.07,9.90
1678880025.66,0.16,0.31,9.77
1678880025.67,0.21,-0.13,9.82
1678880025.68,0.17,-0.47,9.78
1678880025.69,0.13,0.06,9.89
1678880025.70,-0.18,-0.58,9.91
1678880025.71,0.19,0.68,9.80
1678880025.72,0.24,0.78,9.58
1678880025.73,-0.10,-0.17,9.67
1678880025.74,0.28,-0.09,9.74
1678880025.75,0.25,0.23,9.75
1678880025.76,0.18,-0.32,9.74
1678880025.77,0.24,-0.30,9.76
1678880025.78,0.04,-0.20,9.56
1678880025.79,-0.09,0.05,9.95
1678880025.80,0.18,-0.18,9.80
1678880025.81,-0.10,-0.09,9.79
1678880025.82,0.03,0.21,9.85
1678880025.83,0.17,0.77,9.86
1678880025.84,-0.14,-0.49,9.80
1678880025.85,-0.01,-0.09,9.95
1678880025.86,0.11,-0.42,9.95
1678880025.87,0.08,-0.02,9.83
1678880025.88,0.16,-0.26,9.82
1678880025.89,0.25,0.43,9.73
1678880025.90,0.10,0.53,9.78
1678880025.91,-0.06,-0.23,9.87
1678880025.92,0.09,0.01,9.84
1678880025.93,0.07,0.18,9.94
1678880025.94,0.15,0.18,9.92
1678880025.95,0.19,0.40,9.61
1678880025.96,0.10,0.14,9.80
1678880025.97,-0.00,-0.05,9.74
1678880025.98,0.14,0.24,9.79
1678880025.99,0.23,-0.18,9.75
1678880026.00,0.11,-0.14,9.91
1678880026.01,0.08,0.19,9.90
1678880026.02,-0.10,-0.02,9.82
1678880026.03,-0.12,0.02,9.79
1678880026.04,-0.07,0.47,9.82
1678880026.05,-0.17,-0.17,9.78
1678880026.06,0.09,-0.27,9.70
1678880026.07,0.13,-0.34,9.91
1678880026.08,0.16,0.08,9.75
1678880026.09,0.11,0.02,9.82
1678880026.10,-0.09,-0.00,9.58
1678880026.11,0.11,0.86,9.71
1678880026.12,0.00,0.29,9.73
1678880026.13,-0.02,-0.08,9.83
1678880026.14,0.20,-0.16,9.75
1678880026.15,0.07,-0.25,9.84
1678880026.16,0.26,-0.29,9.69
1678880026.17,0.09,-0.20,9.67
1678880026.18,-0.06,-0.65,9.80
1678880026.19,0.01,0.63,9.85
1678880026.20,-0.02,-0.39,9.76
1678880026.21,-0.06,-0.03,9.92
1678880026.22,0.06,-0.24,9.61
1678880026.23,-0.08,0.03,9.80
1678880026.24,0.12,-0.50,9.90
1678880026.25,0.04,-0.65,9.70
1678880026.26,0.02,-0.03,9.64
1678880026.27,0.21,-0.01,9.89
1678880026.28,0.27,-0.10,9.75
1678880026.29,0.17,-0.61,9.92
1678880026.30,0.09,-0.15,9.70
1678880026.31,-0.06,-0.11,9.86
1678880026.32,0.10,-0.81,9.74
1678880026.33,0.16,0.64,9.80
1678880026.34,0.15,0.00,9.77
1678880026.35,-0.04,-0.32,9.68
1678880026.36,0.16,0.30,9.79
1678880026.37,0.02,0.35,10.03
1678880026.38,-0.11,0.20,9.82
1678880026.39,0.14,0.24,9.96
1678880026.40,0.08,0.75,9.69
1678880026.41,0.19,-0.50,9.67
1678880026.42,0.15,0.25,9.75
1678880026.43,0.17,-0.25,9.92
1678880026.44,-0.08,0.07,9.84
1678880026.45,0.13,0.00,9.80
1678880026.46,-0.21,-0.51,9.91
1678880026.47,0.18,0.48,9.82
1678880026.48,0.30,-0.05,9.91
1678880026.49,0.04,-0.19,9.90
1678880026.50,-0.07,0.53,9.99
1678880026.51,0.10,0.48,9.76
1678880026.52,0.07,0.08,9.75
1678880026.53,0.18,0.31,9.88
1678880026.54,0.04,-0.53,9.85
1678880026.55,0.06,-0.57,9.69
1678880026.56,0.07,0.53,9.85
1678880026.57,-0.01,-0.38,9.71
1678880026.58,-0.02,0.06,9.92
1678880026.59,0.42,0.62,9.76
1678880026.60,0.21,0.03,9.98
1678880026.61,0.16,-0.17,9.91
1678880026.62,0.00,-0.22,9.78
1678880026.63,0.07,-0.73,9.91
1678880026.64,0.42,-0.43,9.95
1678880026.65,-0.10,-0.03,9.73
1678880026.66,0.12,0.18,9.68
1678880026.67,0.08,0.26,9.72
1678880026.68,0.25,0.45,9.76
1678880026.69,0.27,-0.68,9.75
1678880026.70,0.16,0.33,9.92
1678880026.71,0.22,0.01,9.88
1678880026.72,0.10,-0.51,9.90
1678880026.73,0.17,-0.04,9.75
1678880026.74,0.33,-0.33,9.82
1678880026.75,0.02,-0.02,9.92
1678880026.76,0.15,-0.11,9.89
1678880026.77,0.21,-0.02,9.77
1678880026.78,0.01,-0.66,9.97
1678880026.79,0.01,-0.41,9.73
1678880026.80,-0.04,0.39,9.80
1678880026.81,-0.02,-0.28,9.71
1678880026.82,0.23,-0.50,9.82
1678880026.83,0.16,0.13,9.83
1678880026.84,0.08,-0.82,9.81
1678880026.85,0.04,-0.46,9.95
1678880026.86,0.25,-0.13,9.85
1678880026.87,0.10,-0.66,9.77
1678880026.88,0.20,-0.04,9.71
1678880026.89,0.24,0.12,9.69
1678880026.90,0.03,-0.15,9.71
1678880026.91,0.19,-0.19,9.82
1678880026.92,0.31,-0.23,9.70
1678880026.93,0.10,-0.16,9.78
1678880026.94,-0.01,-0.54,9.77
1678880026.95,-0.06,-0.39,10.09
1678880026.96,0.39,0.83,9.78
1678880026.97,-0.03,0.19,9.71
1678880026.98,0.07,-0.33,9.90
1678880026.99,0.09,0.11,9.75
1678880027.00,0.08,-0.63,9.80
1678880027.01,0.06,0.15,9.76
1678880027.02,-0.02,0.03,9.96
1678880027.03,0.08,0.62,9.56
1678880027.04,-0.00,-0.09,9.68
1678880027.05,-0.23,0.02,9.71
1678880027.06,0.00,-0.05,9.79
1678880027.07,0.03,0.22,9.73
1678880027.08,0.24,0.43,9.65
1678880027.09,-0.01,0.32,9.68
1678880027.10,0.03,0.06,9.91
1678880027.11,0.24,-0.05,9.86
1678880027.12,0.14,0.57,9.81
1678880027.13,0.08,-0.07,9.68
1678880027.14,-0.06,-0.94,9.96
1678880027.15,0.34,-0.60,9.89
1678880027.16,0.15,-0.07,9.87
1678880027.17,0.09,0.93,9.90
1678880027.18,0.01,-0.38,9.95
1678880027.19,0.07,-0.08,9.82
1678880027.20,0.11,0.40,9.72
1678880027.21,-0.18,-0.19,9.73
1678880027.22,0.02,-0.58,9.72
1678880027.23,-0.07,0.34,9.70
1678880027.24,0.07,0.50,9.78
1678880027.25,0.14,0.35,9.87
1678880027.26,0.03,-0.36,9.94
1678880027.27,0.12,-0.25,9.77
1678880027.28,0.09,-0.62,9.86
1678880027.29,0.23,-0.23,9.73
1678880027.30,0.05,-0.07,10.01
1678880027.31,0.20,0.06,9.75
1678880027.32,0.11,-0.06,9.69
1678880027.33,0.05,0.15,9.70
1678880027.34,-0.06,-0.05,9.77
1678880027.35,-0.11,0.42,9.93
1678880027.36,0.35,-0.16,9.87
1678880027.37,0.25,0.19,9.93
1678880027.38,0.12,-0.17,9.86
1678880027.39,0.16,0.24,9.92
1678880027.40,0.12,-0.08,9.93
1678880027.41,0.08,-0.29,9.90
1678880027.42,-0.16,0.39,9.89
1678880027.43,0.10,0.40,9.77
1678880027.44,0.14,-0.50,9.69
1678880027.45,0.15,-0.14,9.70
1678880027.46,0.21,-0.03,9.74
1678880027.47,0.08,0.53,9.92
1678880027.48,0.11,0.23,9.75
1678880027.49,0.32,0.46,9.77
1678880027.50,0.12,0.32,9.91
1678880027.51,0.22,0.24,9.84
1678880027.52,-0.09,0.51,9.78
1678880027.53,0.13,-0.01,9.92
1678880027.54,0.05,-0.41,9.96
1678880027.55,0.18,0.54,9.81
1678880027.56,0.14,0.32,9.71
1678880027.57,-0.09,-0.29,9.75
1678880027.58,0.31,0.90,9.79
1678880027.59,0.11,-0.11,9.79
1678880027.60,0.14,0.12,9.77
1678880027.61,0.09,-0.21,9.74
1678880027.62,0.05,0.24,9.86
1678880027.63,0.04,0.34,9.82
1678880027.64,0.21,-0.07,9.99
1678880027.65,0.27,0.25,9.95
1678880027.66,0.02,0.61,9.69
1678880027.67,0.11,-0.21,9.62
1678880027.68,-0.06,-0.15,9.86
1678880027.69,0.06,0.33,9.78
1678880027.70,-0.01,0.48,9.93
1678880027.71,0.07,-0.56,9.70
1678880027.72,0.04,0.03,9.93
1678880027.73,0.11,0.10,9.85
1678880027.74,-0.04,0.39,9.96
1678880027.75,0.16,0.54,9.78
1678880027.76,0.10,0.48,9.79
1678880027.77,0.03,0.62,9.79
1678880027.78,0.00,-0.00,9.60
1678880027.79,0.23,0.47,9.69
1678880027.80,0.02,0.65,9.91
1678880027.81,0.06,-0.06,9.85
1678880027.82,0.27,0.27,9.87
1678880027.83,0.08,0.54,9.87
1678880027.84,-0.03,-0.14,9.99
1678880027.85,-0.12,-0.37,9.86
1678880027.86,0.08,-0.40,9.46
1678880027.87,0.06,0.41,9.71
1678880027.88,-0.04,0.27,9.95
1678880027.89,-0.01,-0.12,9.66
1678880027.90,0.10,-0.26,9.79
1678880027.91,-0.19,0.32,9.63
1678880027.92,-0.06,-0.08,9.61
1678880027.93,-0.09,-0.33,9.63
1678880027.94,0.02,-0.04,9.98
1678880027.95,0.20,-0.86,9.79
1678880027.96,-0.00,0.16,9.78
1678880027.97,0.14,0.23,9.77
1678880027.98,-0.10,-0.15,9.87
1678880027.99,0.17,-0.07,9.88
1678880028.00,0.09,-0.45,9.83
1678880028.01,0.20,0.46,9.75
1678880028.02,0.11,-0.08,9.68
1678880028.03,0.14,-0.33,9.82
1678880028.04,0.02,-0.21,9.80
1678880028.05,0.11,0.17,9.77
1678880028.06,0.07,0.13,9.77
1678880028.07,0.10,-0.20,9.80
1678880028.08,0.20,0.28,9.89
1678880028.09,0.25,0.05,9.91
1678880028.10,0.06,0.35,9.89
1678880028.11,0.30,0.29,9.88
1678880028.12,0.14,-0.18,9.75
1678880028.13,0.20,-0.45,9.97
1678880028.14,0.12,0.22,9.91
1678880028.15,0.13,-0.03,9.60
1678880028.16,0.14,0.20,9.66
1678880028.17,0.12,-0.04,9.91
1678880028.18,-0.10,-0.19,9.79
1678880028.19,-0.00,0.07,9.60
1678880028.20,-0.17,-0.01,9.86
1678880028.21,0.00,0.13,9.84
1678880028.22,0.17,0.03,9.64
1678880028.23,0.10,0.04,9.96
1678880028.24,-0.08,0.80,9.80
1678880028.25,-0.03,-0.10,9.92
1678880028.26,0.11,-0.26,9.88
1678880028.27,0.22,0.00,9.98
1678880028.28,0.35,-0.85,9.81
1678880028.29,0.32,0.17,9.96
1678880028.30,0.17,-0.51,9.75
1678880028.31,0.10,0.47,9.80
1678880028.32,0.04,-0.19,9.83
1678880028.33,0.12,0.80,9.80
1678880028.34,-0.05,0.22,9.84
1678880028.35,0.12,-0.25,9.86
1678880028.36,0.04,-0.19,9.75
1678880028.37,0.22,-0.50,9.80
1678880028.38,0.07,0.26,9.79
1678880028.39,0.21,-0.27,9.85
1678880028.40,0.13,0.03,9.97
1678880028.41,0.16,0.09,9.92
1678880028.42,0.15,-0.09,9.91
1678880028.43,0.37,-0.20,9.87
1678880028.44,0.12,0.03,9.62
1678880028.45,0.02,-0.28,9.95
1678880028.46,-0.03,0.47,9.72
1678880028.47,0.08,-0.14,9.75
1678880028.48,-0.09,0.49,9.92
1678880028.49,0.24,0.34,9.90
1678880028.50,0.25,-0.27,9.87
1678880028.51,0.27,0.12,9.79
1678880028.52,-0.01,-0.09,9.76
1678880028.53,-0.26,0.17,9.96
1678880028.54,0.18,0.06,9.74
1678880028.55,0.07,0.49,9.67
1678880028.56,0.37,-0.53,9.90
1678880028.57,0.02,-0.16,9.59
1678880028.58,0.21,0.15,9.92
1678880028.59,0.04,0.47,9.83
1678880028.60,0.08,-0.17,9.93
1678880028.61,0.14,0.15,9.66
1678880028.62,0.09,-0.35,9.73
1678880028.63,-0.12,0.21,9.80
1678880028.64,0.10,-0.34,9.83
1678880028.65,-0.02,-0.03,9.87
1678880028.66,0.15,0.21,9.74
1678880028.67,-0.13,0.10,9.70
1678880028.68,0.06,-0.41,9.79
1678880028.69,0.18,-0.12,9.69
1678880028.70,0.12,0.09,9.81
1678880028.71,0.13,0.43,9.98
1678880028.72,0.19,-0.12,9.85
1678880028.73,-0.07,0.00,10.00
1678880028.74,0.09,-0.00,9.73
1678880028.75,0.23,-0.10,9.84
1678880028.76,0.06,-0.42,9.79
1678880028.77,-0.02,-0.24,9.75
1678880028.78,0.31,0.23,9.84
1678880028.79,0.02,0.21,9.80
1678880028.80,0.25,-0.08,9.98
1678880028.81,0.07,0.03,9.76
1678880028.82,0.10,-0.34,9.70
1678880028.83,-0.10,-0.29,9.72
1678880028.84,0.13,-0.23,9.79
1678880028.85,0.26,0.21,9.65
1678880028.86,0.15,0.21,9.80
1678880028.87,-0.01,0.13,9.78
1678880028.88,0.13,0.20,9.85
1678880028.89,0.04,-0.56,9.82
1678880028.90,0.09,-0.06,9.84
1678880028.91,0.16,-0.38,9.89
1678880028.92,0.14,0.06,9.82
1678880028.93,0.36,0.16,9.80
1678880028.94,-0.09,-0.09,9.86
1678880028.95,-0.05,-0.05,9.82
1678880028.96,0.19,-0.53,9.79
1678880028.97,0.07,0.00,9.85
1678880028.98,0.21,0.38,10.07
1678880028.99,0.13,0.16,9.80
1678880029.00,0.09,-0.32,9.79
1678880029.01,0.02,-0.45,9.83
1678880029.02,0.03,0.07,9.78
1678880029.03,0.16,0.50,9.86
1678880029.04,0.06,-0.13,9.83
1678880029.05,0.05,-0.12,9.92
1678880029.06,0.13,-0.17,9.83
1678880029.07,0.09,-0.18,9.83
1678880029.08,0.05,-0.21,9.88
1678880029.09,0.02,0.49,9.69
1678880029.10,0.16,0.14,9.85
1678880029.11,0.14,0.32,9.78
1678880029.12,0.05,-0.12,10.01
1678880029.13,-0.02,0.38,9.73
1678880029.14,0.16,0.39,9.69
1678880029.15,-0.01,0.30,9.93
1678880029.16,0.03,0.61,9.78
1678880029.17,0.15,0.45,9.74
1678880029.18,0.30,-0.26,9.80
1678880029.19,0.05,0.81,9.81
1678880029.20,0.20,0.41,9.77
1678880029.21,0.21,-0.11,9.64
1678880029.22,0.06,0.02,9.59
1678880029.23,-0.04,-0.03,9.85
1678880029.24,0.18,-0.01,9.74
1678880029.25,0.17,-0.48,9.88
1678880029.26,-0.08,0.32,9.72
1678880029.27,0.29,-0.15,9.75
1678880029.28,-0.02,0.20,9.69
1678880029.29,0.07,0.15,9.72
1678880029.30,-0.01,-0.18,9.67
1678880029.31,0.01,-0.01,9.65
1678880029.32,0.10,0.03,9.83
1678880029.33,0.10,-0.82,9.72
1678880029.34,0.14,-0.06,9.70
1678880029.35,0.29,0.43,9.67
1678880029.36,0.08,0.19,9.97
1678880029.37,-0.16,0.22,9.77
1678880029.38,0.12,-0.10,9.98
1678880029.39,0.33,-0.10,9.72
1678880029.40,0.41,0.15,9.70
1678880029.41,0.23,-0.07,9.78
1678880029.42,0.23,-0.60,9.90
1678880029.43,0.12,0.12,9.83
1678880029.44,-0.10,-0.27,9.85
1678880029.45,0.16,-0.02,9.64
1678880029.46,0.07,-0.28,9.73
1678880029.47,0.16,0.11,9.66
1678880029.48,0.08,0.20,9.83
1678880029.49,0.08,0.00,9.69
1678880029.50,0.33,0.05,9.72
1678880029.51,-0.12,-0.62,9.75
1678880029.52,0.22,-0.20,9.78
1678880029.53,-0.02,0.52,10.03
1678880029.54,-0.23,-0.13,9.86
1678880029.55,0.16,-0.18,9.76
1678880029.56,0.18,0.53,9.63
1678880029.57,0.02,0.16,9.71
1678880029.58,0.03,0.46,9.84
1678880029.59,0.04,0.17,9.67
1678880029.60,0.12,0.16,9.93
1678880029.61,0.18,0.05,9.79
1678880029.62,0.07,0.43,9.93
1678880029.63,0.16,0.01,9.72
1678880029.64,-0.06,-0.16,9.89
1678880029.65,0.12,0.45,9.79
1678880029.66,-0.10,-0.24,9.89
1678880029.67,0.13,0.04,9.81
1678880029.68,0.04,0.22,9.76
1678880029.69,0.15,0.01,9.65
1678880029.70,0.28,-0.09,9.89
1678880029.71,0.17,-0.01,9.76
1678880029.72,0.12,-0.19,9.73
1678880029.73,0.04,-0.59,9.71
1678880029.74,0.08,0.19,9.61
1678880029.75,0.16,0.46,9.90
1678880029.76,0.26,-0.42,9.71
1678880029.77,-0.07,0.48,10.03
1678880029.78,-0.09,-0.06,9.68
1678880029.79,-0.13,-0.33,9.96
1678880029.80,0.04,0.28,9.88
1678880029.81,-0.00,0.47,9.70
1678880029.82,0.04,0.16,9.78
1678880029.83,0.07,0.28,9.92
1678880029.84,-0.12,0.01,9.94
1678880029.85,0.29,-0.88,9.73
1678880029.86,0.11,-0.15,9.88
1678880029.87,0.16,0.19,9.79
1678880029.88,0.08,0.33,9.86
1678880029.89,0.14,0.04,9.73
1678880029.90,0.01,0.05,9.91
1678880029.91,-0.02,0.11,9.85
1678880029.92,0.07,-0.04,9.87
1678880029.93,0.01,0.49,9.64
1678880029.94,0.18,0.24,9.95
1678880029.95,-0.14,-0.37,9.92
1678880029.96,0.01,-0.01,9.92
1678880029.97,-0.03,-0.37,9.71
1678880029.98,0.09,-0.26,9.82
1678880029.99,0.09,0.17,9.74
1678880030.00,0.17,0.30,9.90
1678880030.01,0.15,-0.15,9.82
1678880030.02,-0.07,0.11,9.90
1678880030.03,0.02,0.49,9.89
1678880030.04,0.34,-0.39,9.82
1678880030.05,0.02,-0.15,9.89
1678880030.06,0.24,-0.01,9.78
1678880030.07,-0.03,-0.02,9.84
1678880030.08,0.18,0.33,9.75
1678880030.09,0.02,0.47,9.84
1678880030.10,-0.11,0.56,9.74
1678880030.11,0.20,-0.12,9.82
1678880030.12,0.30,-0.64,9.78
1678880030.13,0.01,-0.10,9.78
1678880030.14,0.21,0.15,9.76
1678880030.15,0.28,0.29,9.72
1678880030.16,0.06,-0.24,9.83
1678880030.17,0.05,0.26,9.76
1678880030.18,0.10,-0.21,9.75
1678880030.19,0.20,-0.53,9.83
1678880030.20,0.20,0.46,9.72
1678880030.21,0.25,-0.04,9.82
1678880030.22,0.13,-0.46,9.94
1678880030.23,0.18,-0.23,9.75
1678880030.24,0.38,-0.07,9.80
1678880030.25,-0.10,-0.08,9.86
1678880030.26,0.03,0.05,9.84
1678880030.27,0.06,0.35,9.79
1678880030.28,0.09,-0.00,9.63
1678880030.29,0.17,0.27,9.89
1678880030.30,0.15,-0.03,9.86
1678880030.31,0.43,-0.39,9.87
1678880030.32,0.16,0.29,9.67
1678880030.33,0.34,0.45,9.79
1678880030.34,0.32,0.06,10.02
1678880030.35,0.13,-0.70,9.81
1678880030.36,0.05,-0.48,9.71
1678880030.37,0.13,-0.26,9.91
1678880030.38,-0.10,-0.09,9.86
1678880030.39,0.15,-0.20,9.84
1678880030.40,-0.02,-0.25,9.67
1678880030.41,0.26,-0.14,9.71
1678880030.42,0.07,0.48,9.99
1678880030.43,-0.01,0.63,9.80
1678880030.44,0.24,0.31,9.73
1678880030.45,0.02,-0.58,9.81
1678880030.46,0.15,-0.07,9.69
1678880030.47,0.15,0.28,9.83
1678880030.48,0.03,0.12,9.72
1678880030.49,0.13,0.13,9.92
1678880030.50,0.32,0.65,9.90
1678880030.51,0.04,0.23,9.67
1678880030.52,0.10,-0.04,9.76
1678880030.53,0.16,-0.15,10.01
1678880030.54,0.08,0.67,9.84
1678880030.55,-0.02,0.04,10.02
1678880030.56,0.08,0.03,9.87
1678880030.57,0.20,0.26,9.64
1678880030.58,0.01,-0.19,10.11
1678880030.59,0.00,0.05,10.08
1678880030.60,0.16,0.47,9.90
1678880030.61,-0.09,-0.16,9.79
1678880030.62,-0.12,-0.73,9.91
1678880030.63,0.33,-0.37,9.80
1678880030.64,0.27,0.37,9.67
1678880030.65,0.10,0.14,9.62
1678880030.66,0.04,-0.19,9.58
1678880030.67,0.00,0.04,9.85
1678880030.68,-0.06,0.19,9.79
1678880030.69,0.08,-0.21,9.59
1678880030.70,0.20,0.16,9.81
1678880030.71,0.04,-0.47,9.85
1678880030.72,0.04,0.20,9.88
1678880030.73,0.04,-0.26,9.79
1678880030.74,0.14,-0.60,9.83
1678880030.75,-0.07,-0.13,10.04
1678880030.76,-0.02,-0.36,9.77
1678880030.77,0.07,-0.46,9.84
1678880030.78,0.18,0.18,9.84
1678880030.79,0.07,-0.33,9.81
1678880030.80,0.16,-0.30,9.79
1678880030.81,0.10,0.79,9.92
1678880030.82,0.26,0.25,9.75
1678880030.83,0.17,0.53,9.71
1678880030.84,0.11,0.05,9.87
1678880030.85,0.24,-0.07,9.79
1678880030.86,0.48,-0.17,9.67
1678880030.87,0.12,-0.20,9.79
1678880030.88,0.09,-0.80,9.82
1678880030.89,0.13,0.41,9.83
1678880030.90,0.24,0.57,9.86
1678880030.91,0.16,-0.12,9.87
1678880030.92,0.06,-0.82,9.80
1678880030.93,0.24,0.31,9.78
1678880030.94,0.01,-0.09,9.81
1678880030.95,-0.04,-0.35,9.80
1678880030.96,0.13,0.20,9.73
1678880030.97,-0.13,-0.07,9.91
1678880030.98,-0.08,-0.30,9.74
1678880030.99,0.30,0.39,9.78
1678880031.00,0.19,-0.25,9.81
1678880031.01,-0.12,-0.34,9.71
1678880031.02,-0.04,0.19,9.71
1678880031.03,0.22,0.19,9.83
1678880031.04,0.24,0.09,9.74
1678880031.05,0.05,0.23,9.68
1678880031.06,0.21,-0.07,9.87
1678880031.07,0.11,-0.27,9.97
1678880031.08,0.07,0.11,9.76
1678880031.09,0.00,0.03,9.76
1678880031.10,0.09,0.05,9.76
1678880031.11,0.22,0.21,9.60
1678880031.12,-0.01,-0.13,9.71
1678880031.13,0.01,0.23,9.86
1678880031.14,-0.09,-0.46,9.84
1678880031.15,0.06,0.29,9.74
1678880031.16,0.10,-0.31,9.78
1678880031.17,0.17,0.13,9.70
1678880031.18,0.23,-0.02,9.85
1678880031.19,0.15,-0.16,9.90
1678880031.20,0.01,-0.13,9.69
1678880031.21,-0.09,0.77,9.79
1678880031.22,0.05,0.66,9.64
1678880031.23,0.25,0.09,9.80
1678880031.24,0.07,-0.10,9.96
1678880031.25,0.22,-0.05,9.73
1678880031.26,0.10,-0.35,9.73
1678880031.27,0.06,-0.27,9.75
1678880031.28,0.06,-0.36,9.96
1678880031.29,-0.16,0.24,9.88
1678880031.30,0.08,-0.06,9.82
1678880031.31,0.11,0.24,9.86
1678880031.32,0.05,-0.35,9.84
1678880031.33,0.17,0.27,9.75
1678880031.34,0.40,-0.61,9.99
1678880031.35,0.00,-0.04,9.98
1678880031.36,0.32,0.54,9.89
1678880031.37,0.15,-0.49,9.69
1678880031.38,0.09,0.21,9.88
1678880031.39,0.20,0.49,9.95
1678880031.40,0.10,-0.73,9.91
1678880031.41,0.07,-0.17,9.83
1678880031.42,-0.06,-0.08,9.67
1678880031.43,-0.18,-0.25,9.96
1678880031.44,0.11,0.27,9.80
1678880031.45,0.15,-0.66,9.74
1678880031.46,-0.01,-0.48,9.82
1678880031.47,0.15,0.12,9.80
1678880031.48,0.18,0.02,9.84
1678880031.49,0.03,0.19,9.85
1678880031.50,-0.02,-4.86,9.92
1678880031.51,0.05,-4.40,9.88
1678880031.52,0.17,-4.19,9.63
1678880031.53,0.20,-4.73,9.82
1678880031.54,0.09,-4.22,9.74
1678880031.55,0.06,-4.83,9.93
1678880031.56,0.12,-4.56,9.82
1678880031.57,0.03,-4.14,9.79
1678880031.58,0.21,-4.41,9.88
1678880031.59,0.06,-4.51,9.80
1678880031.60,-0.02,-4.52,9.74
1678880031.61,-0.03,-4.64,9.70
1678880031.62,-0.07,-5.00,9.66
1678880031.63,0.11,-4.57,9.89
1678880031.64,0.15,-4.32,9.83
1678880031.65,0.07,-4.41,9.94
1678880031.66,0.17,-4.26,9.86
1678880031.67,0.04,-4.79,9.68
1678880031.68,0.22,-4.82,9.78
1678880031.69,0.01,-4.43,9.82
1678880031.70,0.17,0.10,9.85
1678880031.71,0.06,0.40,9.82
1678880031.72,0.06,0.19,9.81
1678880031.73,0.15,-0.29,9.63
1678880031.74,-0.16,-0.52,9.71
1678880031.75,0.03,0.00,9.86
1678880031.76,0.17,-0.41,10.00
1678880031.77,0.09,-0.21,9.80
1678880031.78,0.13,0.12,9.76
1678880031.79,0.28,-0.55,9.86
1678880031.80,0.19,-0.02,9.72
1678880031.81,0.11,0.33,9.82
1678880031.82,0.04,-0.71,9.84
1678880031.83,-0.13,0.38,9.73
1678880031.84,0.24,0.35,9.81
1678880031.85,0.08,0.68,9.78
1678880031.86,0.06,-0.16,9.74
1678880031.87,0.10,-0.05,9.54
1678880031.88,-0.03,0.45,9.90
1678880031.89,0.38,-0.58,9.61
1678880031.90,0.23,-0.37,9.90
1678880031.91,0.02,0.41,9.78
1678880031.92,0.08,0.53,9.89
1678880031.93,0.02,-0.97,9.97
1678880031.94,0.09,0.09,9.72
1678880031.95,0.09,-0.28,9.74
1678880031.96,-0.20,0.26,9.83
1678880031.97,0.00,0.40,9.79
1678880031.98,0.05,-0.36,9.96
1678880031.99,0.35,-0.37,9.71
1678880032.00,0.07,0.27,9.82
1678880032.01,0.08,0.28,9.83
1678880032.02,0.07,-0.06,9.77
1678880032.03,0.22,-0.01,9.81
1678880032.04,0.10,0.32,9.77
1678880032.05,0.33,-0.30,9.66
1678880032.06,0.13,0.12,9.77
1678880032.07,0.49,0.15,9.94
1678880032.08,0.17,0.12,9.72
1678880032.09,0.12,0.19,9.68
1678880032.10,-0.18,0.43,9.87
1678880032.11,0.15,-0.10,9.89
1678880032.12,-0.07,-0.21,9.75
1678880032.13,0.24,-0.09,9.75
1678880032.14,0.20,0.34,9.80
1678880032.15,0.15,-0.45,9.75
1678880032.16,-0.01,-0.10,9.89
1678880032.17,0.01,0.24,9.89
1678880032.18,-0.01,0.75,9.78
1678880032.19,-0.03,-0.33,9.86
1678880032.20,0.08,0.04,9.58
1678880032.21,-0.01,-0.52,9.89
1678880032.22,0.02,-0.20,9.82
1678880032.23,0.24,0.31,9.90
1678880032.24,0.01,-0.12,9.81
1678880032.25,-0.02,-0.03,9.82
1678880032.26,0.19,-0.67,9.78
1678880032.27,0.11,0.62,9.87
1678880032.28,0.04,-0.25,9.88
1678880032.29,0.16,-0.31,9.82
1678880032.30,0.28,0.21,9.74
1678880032.31,-0.08,0.22,9.83
1678880032.32,0.22,0.45,9.74
1678880032.33,0.10,-0.31,9.64
1678880032.34,0.07,0.29,9.82
1678880032.35,0.10,-0.53,9.82
1678880032.36,0.10,0.00,9.77
1678880032.37,0.06,0.19,9.85
1678880032.38,-0.12,0.11,9.78
1678880032.39,0.11,0.26,9.88
1678880032.40,0.32,-0.07,9.88
1678880032.41,-0.03,0.23,9.67
1678880032.42,0.21,-0.38,9.68
1678880032.43,0.17,0.26,9.98
1678880032.44,0.06,-0.18,9.80
1678880032.45,-0.05,-0.29,9.82
1678880032.46,-0.05,-0.77,9.66
1678880032.47,0.11,-0.42,9.91
1678880032.48,0.20,0.23,9.79
1678880032.49,0.11,-0.43,9.84
1678880032.50,0.20,0.02,9.68
1678880032.51,-0.10,-0.08,9.79
1678880032.52,0.36,-0.50,9.65
1678880032.53,0.14,-0.17,10.09
1678880032.54,-0.05,0.54,9.72
1678880032.55,0.10,-0.09,9.71
1678880032.56,0.26,0.20,9.71
1678880032.57,0.25,-0.30,9.94
1678880032.58,0.12,-0.28,9.82
1678880032.59,-0.00,-0.61,9.95
1678880032.60,0.03,-0.27,9.67
1678880032.61,0.13,-0.71,9.70
1678880032.62,0.12,-0.42,9.87
1678880032.63,0.18,0.31,9.78
1678880032.64,0.01,-0.24,10.00
1678880032.65,0.17,0.09,9.85
1678880032.66,0.32,0.51,9.64
1678880032.67,0.13,0.63,9.79
1678880032.68,0.09,-0.26,9.86
1678880032.69,0.06,0.46,9.70
1678880032.70,0.06,0.06,9.77
1678880032.71,0.06,0.08,9.78
1678880032.72,0.11,-0.48,9.93
1678880032.73,-0.13,-0.23,9.95
1678880032.74,-0.16,0.73,9.75
1678880032.75,0.06,-0.01,9.92
1678880032.76,0.08,0.23,9.91
1678880032.77,0.29,0.08,9.75
1678880032.78,-0.05,-0.24,9.78
1678880032.79,0.03,0.27,9.61
1678880032.80,0.02,0.28,9.77
1678880032.81,0.09,0.22,9.96
1678880032.82,0.25,-0.27,9.62
1678880032.83,0.11,-0.36,9.76
1678880032.84,0.00,0.39,9.76
1678880032.85,0.08,0.34,9.85
1678880032.86,0.07,0.09,9.96
1678880032.87,0.20,-0.05,9.86
1678880032.88,0.12,0.47,9.78
1678880032.89,0.17,0.74,9.73
1678880032.90,0.10,0.55,9.99
1678880032.91,0.20,0.14,9.80
1678880032.92,-0.11,-0.31,9.92
1678880032.93,0.04,-0.10,9.83
1678880032.94,0.08,-0.16,9.59
1678880032.95,0.15,-0.01,9.83
1678880032.96,0.05,0.23,9.72
1678880032.97,0.28,0.28,9.91
1678880032.98,0.07,-0.79,9.70
1678880032.99,-0.11,0.01,9.85
1678880033.00,0.35,-0.24,9.76
1678880033.01,-0.10,0.96,9.87
1678880033.02,0.25,-0.15,9.78
1678880033.03,0.07,-0.80,9.73
1678880033.04,0.10,0.10,9.93
1678880033.05,0.13,-0.22,9.72
1678880033.06,0.02,0.64,9.83
1678880033.07,0.10,0.57,9.87
1678880033.08,0.16,-0.40,9.91
1678880033.09,-0.04,-0.03,9.68
1678880033.10,0.29,0.19,9.77
1678880033.11,-0.02,-0.17,9.83
1678880033.12,-0.14,0.28,9.91
1678880033.13,0.09,0.13,9.91
1678880033.14,0.18,0.09,9.75
1678880033.15,0.05,-0.01,9.60
1678880033.16,0.14,-0.44,9.83
1678880033.17,0.10,-0.12,9.63
1678880033.18,0.16,0.08,9.82
1678880033.19,0.13,-0.30,9.93
1678880033.20,0.10,0.29,9.72
1678880033.21,0.02,0.10,9.84
1678880033.22,0.10,0.44,9.65
1678880033.23,0.11,-0.48,9.98
1678880033.24,0.14,0.54,9.97
1678880033.25,0.02,-0.14,9.95
1678880033.26,0.01,-0.05,9.77
1678880033.27,-0.03,0.71,9.88
1678880033.28,0.05,-0.47,9.80
1678880033.29,0.18,0.62,10.02
1678880033.30,0.12,0.57,9.83
1678880033.31,0.21,0.08,9.76
1678880033.32,0.28,-0.07,9.75
1678880033.33,-0.01,0.31,9.89
1678880033.34,0.19,0.06,9.67
1678880033.35,0.25,0.24,9.85
1678880033.36,-0.01,-0.26,9.87
1678880033.37,0.01,0.23,9.83
1678880033.38,0.15,0.34,9.89
1678880033.39,0.13,-0.31,9.79
1678880033.40,0.26,0.08,9.99
1678880033.41,-0.07,0.53,9.71
1678880033.42,-0.07,-0.32,9.71
1678880033.43,0.29,-0.34,9.85
1678880033.44,0.07,-0.57,9.86
1678880033.45,0.12,-0.43,9.91
1678880033.46,-0.00,-0.62,9.91
1678880033.47,0.05,-0.41,9.75
1678880033.48,0.03,-0.02,9.69
1678880033.49,0.23,0.17,9.79
1678880033.50,0.31,0.06,9.85
1678880033.51,0.08,0.00,9.94
1678880033.52,0.04,0.30,9.74
1678880033.53,0.02,-0.33,9.66
1678880033.54,0.16,-0.45,9.90
1678880033.55,0.21,-0.12,9.88
1678880033.56,0.16,0.35,9.71
1678880033.57,0.15,0.39,9.79
1678880033.58,0.15,-0.20,10.03
1678880033.59,0.20,-0.08,9.95
1678880033.60,0.08,0.12,9.88
1678880033.61,0.28,-0.12,10.01
1678880033.62,0.22,0.35,9.89
1678880033.63,0.23,0.16,9.83
1678880033.64,0.28,0.13,9.89
1678880033.65,-0.02,0.54,9.85
1678880033.66,0.28,0.21,9.81
1678880033.67,0.19,-0.30,9.63
1678880033.68,-0.02,0.44,9.74
1678880033.69,0.03,0.34,9.86
1678880033.70,0.01,-0.02,9.77
1678880033.71,0.20,0.16,9.72
1678880033.72,-0.05,-0.56,9.87
1678880033.73,0.18,0.08,9.72
1678880033.74,-0.05,0.28,9.55
1678880033.75,0.16,-0.15,9.77
1678880033.76,0.37,0.22,9.83
1678880033.77,0.09,-0.49,9.70
1678880033.78,-0.11,-0.04,9.68
1678880033.79,0.09,-0.14,9.87
1678880033.80,0.12,-0.08,9.80
1678880033.81,-0.02,0.14,9.81
1678880033.82,0.35,0.38,9.83
1678880033.83,0.24,-0.39,9.75
1678880033.84,-0.07,0.28,9.88
1678880033.85,-0.02,0.38,9.85
1678880033.86,-0.03,-0.06,9.79
1678880033.87,0.33,-0.07,9.88
1678880033.88,0.11,0.60,9.74
1678880033.89,0.20,-0.00,9.76
1678880033.90,0.11,0.57,9.88
1678880033.91,0.02,-0.25,9.91
1678880033.92,0.25,-0.26,9.72
1678880033.93,0.02,-0.40,9.87
1678880033.94,0.13,-0.16,9.64
1678880033.95,0.05,-0.39,9.88
1678880033.96,0.16,0.21,9.79
1678880033.97,0.20,0.32,9.86
1678880033.98,0.26,-0.05,9.69
1678880033.99,-0.05,0.58,9.69
1678880034.00,0.16,0.02,9.80
1678880034.01,0.25,0.52,9.74
1678880034.02,0.12,0.07,9.67
1678880034.03,0.18,0.19,9.81
1678880034.04,0.28,-0.58,9.89
1678880034.05,0.04,-0.37,9.88
1678880034.06,0.09,-0.17,9.98
1678880034.07,-0.05,-0.41,9.73
1678880034.08,0.14,-0.00,9.80
1678880034.09,-0.01,-0.34,9.84
1678880034.10,-0.12,0.21,9.78
1678880034.11,0.23,0.15,9.86
1678880034.12,0.13,-0.78,9.85
1678880034.13,0.08,0.37,9.73
1678880034.14,-0.02,0.37,9.73
1678880034.15,0.19,-0.47,9.80
1678880034.16,0.15,-0.05,9.78
1678880034.17,0.20,-0.69,9.73
1678880034.18,-0.10,-0.32,9.73
1678880034.19,0.15,-0.09,9.87
1678880034.20,0.24,0.50,9.78
1678880034.21,-0.26,0.10,9.93
1678880034.22,-0.05,-0.22,9.88
1678880034.23,0.16,0.21,9.86
1678880034.24,-0.13,0.27,9.76
1678880034.25,0.36,0.58,9.80
1678880034.26,0.26,-0.24,9.85
1678880034.27,0.16,0.31,9.67
1678880034.28,0.36,0.13,9.93
1678880034.29,0.06,0.01,9.80
1678880034.30,0.11,-0.07,9.88
1678880034.31,0.37,-0.51,9.74
1678880034.32,-0.12,-0.09,9.80
1678880034.33,0.16,-0.18,9.62
1678880034.34,-0.02,0.13,9.79
1678880034.35,0.34,0.57,9.80
1678880034.36,0.18,0.22,9.97
1678880034.37,0.20,-0.04,9.72
1678880034.38,0.00,-0.01,9.73
1678880034.39,-0.01,0.09,9.66
1678880034.40,-0.01,0.73,9.60
1678880034.41,0.21,0.08,9.73
1678880034.42,0.20,-0.43,9.83
1678880034.43,0.08,-0.03,9.80
1678880034.44,0.18,0.26,9.95
1678880034.45,0.04,-0.02,9.87
1678880034.46,0.18,-0.52,9.80
1678880034.47,0.18,0.61,9.64
1678880034.48,0.22,-0.46,9.85
1678880034.49,0.10,-0.22,9.79
1678880034.50,0.15,0.33,9.80
1678880034.51,0.22,-0.43,9.74
1678880034.52,-0.07,0.05,9.85
1678880034.53,0.19,0.03,9.89
1678880034.54,-0.11,0.06,9.74
1678880034.55,0.17,-0.16,9.82
1678880034.56,0.29,0.47,9.81
1678880034.57,0.00,0.30,9.79
1678880034.58,0.07,-0.15,9.72
1678880034.59,0.12,0.41,9.91
1678880034.60,0.04,-0.58,9.63
1678880034.61,0.12,-0.36,9.82
1678880034.62,0.11,0.29,9.60
1678880034.63,0.09,0.03,9.78
1678880034.64,0.11,-0.27,9.77
1678880034.65,0.21,-0.33,9.85
1678880034.66,0.18,-0.14,9.80
1678880034.67,-0.01,0.13,9.73
1678880034.68,-0.03,0.24,9.84
1678880034.69,0.17,-0.60,9.64
1678880034.70,0.02,-0.20,9.79
1678880034.71,0.09,-0.11,9.63
1678880034.72,0.26,0.29,9.96
1678880034.73,-0.01,-0.48,9.76
1678880034.74,-0.01,-0.04,9.83
1678880034.75,0.17,-0.68,9.77
1678880034.76,0.13,0.62,9.89
1678880034.77,0.04,0.12,9.97
1678880034.78,0.13,-0.03,10.05
1678880034.79,0.14,0.28,9.87
1678880034.80,0.03,0.02,9.79
1678880034.81,0.18,0.04,9.74
1678880034.82,0.09,0.18,9.84
1678880034.83,-0.07,0.39,9.93
1678880034.84,0.09,0.15,9.95
1678880034.85,0.19,0.03,9.71
1678880034.86,0.33,0.06,9.76
1678880034.87,0.06,-0.06,9.63
1678880034.88,0.16,0.45,9.78
1678880034.89,0.20,-0.08,9.81
1678880034.90,0.09,0.23,9.80
1678880034.91,0.27,-0.29,9.82
1678880034.92,0.36,0.50,9.70
1678880034.93,0.05,0.36,9.74
1678880034.94,0.10,0.07,9.71
1678880034.95,0.10,-0.31,9.90
1678880034.96,0.17,0.16,9.91
1678880034.97,0.08,0.04,9.91
1678880034.98,-0.06,-0.19,9.72
1678880034.99,0.29,0.15,9.80
1678880035.00,0.22,0.61,9.73
1678880035.01,0.11,0.31,9.92
1678880035.02,-0.09,0.09,9.74
1678880035.03,0.06,0.03,9.73
1678880035.04,0.06,0.29,9.86
1678880035.05,0.19,-0.33,9.77
1678880035.06,0.28,0.02,9.82
1678880035.07,-0.11,-0.29,9.79
1678880035.08,0.04,-0.25,9.78
1678880035.09,-0.04,0.69,9.57
1678880035.10,0.15,0.08,9.78
1678880035.11,-0.01,0.01,9.75
1678880035.12,0.10,-0.21,9.56
1678880035.13,0.22,0.36,9.84
1678880035.14,0.20,0.55,9.64
1678880035.15,0.12,-0.34,9.78
1678880035.16,0.06,0.36,9.75
1678880035.17,0.36,-0.19,9.70
1678880035.18,0.01,-0.22,9.78
1678880035.19,0.05,-0.23,9.80
1678880035.20,-0.04,-0.36,9.73
1678880035.21,0.09,-0.80,9.86
1678880035.22,0.27,-0.25,9.84
1678880035.23,0.05,-0.65,9.78
1678880035.24,0.22,0.02,9.83
1678880035.25,0.14,0.30,9.80
1678880035.26,0.17,0.50,9.72
1678880035.27,0.07,0.36,9.85
1678880035.28,0.16,0.27,9.74
1678880035.29,0.07,-0.55,9.64
1678880035.30,0.07,0.64,9.90
1678880035.31,-0.02,-0.17,9.94
1678880035.32,0.02,0.15,9.67
1678880035.33,0.06,0.18,9.84
1678880035.34,0.09,-0.28,9.81
1678880035.35,0.16,0.14,9.68
1678880035.36,0.11,-0.31,9.83
1678880035.37,-0.06,-0.11,9.99
1678880035.38,0.22,-0.38,9.75
1678880035.39,0.11,0.22,9.52
1678880035.40,0.28,0.34,9.85
1678880035.41,0.16,0.22,9.75
1678880035.42,0.13,-0.07,9.70
1678880035.43,0.09,-0.16,9.73
1678880035.44,0.04,-0.00,9.72
1678880035.45,0.06,-0.30,9.88
1678880035.46,0.04,0.39,9.61
1678880035.47,0.05,0.48,9.60
1678880035.48,0.31,-0.22,9.76
1678880035.49,-0.12,-0.38,9.77
1678880035.50,0.14,-0.52,9.71
1678880035.51,0.05,-0.05,9.83
1678880035.52,0.01,0.29,9.73
1678880035.53,-0.07,0.10,9.93
1678880035.54,0.38,-0.01,9.76
1678880035.55,0.15,-0.00,9.80
1678880035.56,-0.04,0.15,9.90
1678880035.57,0.10,0.28,9.86
1678880035.58,0.09,0.79,9.79
1678880035.59,0.08,-0.06,9.92
1678880035.60,0.28,0.15,9.81
1678880035.61,0.27,0.64,9.78
1678880035.62,0.28,-0.61,9.95
1678880035.63,0.10,-0.40,9.82
1678880035.64,0.24,-0.41,9.82
1678880035.65,0.07,0.73,9.85
1678880035.66,0.21,0.47,9.85
1678880035.67,0.05,-0.59,9.90
1678880035.68,0.26,0.17,9.85
1678880035.69,0.12,-0.96,9.73
1678880035.70,0.16,0.45,10.00
1678880035.71,0.12,0.18,9.74
1678880035.72,0.03,-0.74,9.60
1678880035.73,-0.05,-0.83,9.79
1678880035.74,-0.09,0.38,9.79
1678880035.75,0.06,0.19,9.70
1678880035.76,0.09,-0.15,9.73
1678880035.77,0.13,0.13,9.92
1678880035.78,0.19,0.51,9.81
1678880035.79,0.09,-0.05,9.90
1678880035.80,0.02,0.38,9.77
1678880035.81,-0.05,-0.17,9.82
1678880035.82,0.26,0.30,9.86
1678880035.83,0.25,0.58,9.77
1678880035.84,0.12,-0.24,9.78
1678880035.85,0.14,-0.04,9.74
1678880035.86,0.19,-0.43,9.86
1678880035.87,0.05,0.01,9.76
1678880035.88,0.28,0.18,9.83
1678880035.89,0.16,-0.10,9.88
1678880035.90,0.19,0.67,9.85
1678880035.91,0.19,-0.09,9.74
1678880035.92,-0.06,0.03,9.73
1678880035.93,0.24,-0.47,9.85
1678880035.94,0.12,-0.08,9.86
1678880035.95,-0.00,-0.23,9.79
1678880035.96,0.07,-0.31,9.88
1678880035.97,-0.10,0.14,9.96
1678880035.98,-0.13,-0.02,9.82
1678880035.99,0.05,0.04,9.73
1678880036.00,0.07,0.02,9.92
1678880036.01,0.22,0.07,9.86
1678880036.02,0.00,-0.18,9.71
1678880036.03,0.21,0.53,9.84
1678880036.04,-0.07,-0.51,9.91
1678880036.05,0.11,-0.26,9.93
1678880036.06,0.31,0.46,9.77
1678880036.07,0.23,0.03,9.83
1678880036.08,0.15,-0.36,9.72
1678880036.09,0.04,-0.54,9.92
1678880036.10,0.10,0.34,9.73
1678880036.11,0.25,-0.29,10.06
1678880036.12,0.25,-0.41,9.91
1678880036.13,0.02,-0.53,9.89
1678880036.14,0.22,-0.10,9.93
1678880036.15,0.13,0.65,9.71
1678880036.16,0.38,-0.18,9.90
1678880036.17,0.40,0.00,9.76
1678880036.18,-0.05,0.77,9.89
1678880036.19,0.08,0.06,9.63
1678880036.20,0.03,0.05,9.87
1678880036.21,0.10,0.22,9.75
1678880036.22,0.18,0.12,9.82
1678880036.23,0.15,0.02,9.96
1678880036.24,0.17,-0.28,9.72
1678880036.25,0.12,-0.52,9.84
1678880036.26,0.02,-0.73,9.72
1678880036.27,-0.10,-0.16,9.65
1678880036.28,0.15,0.10,9.81
1678880036.29,0.04,0.11,9.60
1678880036.30,0.18,-0.51,9.72
1678880036.31,0.15,0.36,9.86
1678880036.32,0.09,-0.46,9.83
1678880036.33,0.26,0.04,9.71
1678880036.34,-0.02,0.55,9.68
1678880036.35,-0.03,0.43,9.74
1678880036.36,0.15,0.17,9.84
1678880036.37,0.22,-0.27,9.93
1678880036.38,0.01,0.13,9.67
1678880036.39,0.25,0.86,9.86
1678880036.40,0.04,0.10,9.73
1678880036.41,-0.11,-0.14,9.82
1678880036.42,0.08,-0.15,9.93
1678880036.43,-0.06,0.31,9.82
1678880036.44,-0.01,-0.16,9.70
1678880036.45,0.14,0.34,9.78
1678880036.46,0.11,-0.29,9.80
1678880036.47,0.27,-0.50,9.70
1678880036.48,-0.01,0.10,9.72
1678880036.49,0.12,-0.33,9.79
1678880036.50,0.17,-0.96,9.71
1678880036.51,0.08,-0.09,9.76
1678880036.52,-0.05,0.70,9.75
1678880036.53,0.06,0.22,9.66
1678880036.54,0.06,0.03,9.80
1678880036.55,0.16,-0.33,9.82
1678880036.56,0.24,-0.34,9.81
1678880036.57,0.21,-0.19,9.99
1678880036.58,0.03,-0.06,9.80
1678880036.59,0.12,-0.22,9.94
1678880036.60,0.01,-0.19,9.97
1678880036.61,0.14,0.00,9.85
1678880036.62,0.26,0.32,9.74
1678880036.63,0.01,-0.14,10.07
1678880036.64,0.07,-0.24,9.90
1678880036.65,-0.10,-0.05,9.69
1678880036.66,0.05,0.04,9.77
1678880036.67,0.15,0.49,9.79
1678880036.68,0.19,-0.23,9.85
1678880036.69,0.09,0.52,9.74
1678880036.70,0.08,0.03,9.88
1678880036.71,0.07,-0.42,9.64
1678880036.72,0.17,-0.32,9.86
1678880036.73,0.15,-0.02,9.89
1678880036.74,-0.13,-0.06,9.82
1678880036.75,0.31,-0.28,9.89
1678880036.76,0.11,-0.37,9.81
1678880036.77,-0.11,-0.09,9.96
1678880036.78,-0.11,-0.47,9.78
1678880036.79,0.01,-0.06,9.82
1678880036.80,0.05,0.09,9.80
1678880036.81,0.26,0.30,9.80
1678880036.82,0.10,0.07,9.79
1678880036.83,0.14,-0.13,9.96
1678880036.84,0.17,-0.41,9.75
1678880036.85,0.02,-0.62,9.96
1678880036.86,0.21,0.03,9.75
1678880036.87,0.21,-0.56,9.85
1678880036.88,0.15,0.52,9.77
1678880036.89,0.02,0.67,9.85
1678880036.90,0.27,-0.10,9.72
1678880036.91,0.06,0.27,10.09
1678880036.92,0.03,0.21,9.75
1678880036.93,0.26,0.48,9.84
1678880036.94,0.16,0.28,9.51
1678880036.95,0.27,0.93,9.85
1678880036.96,-0.03,-0.14,9.83
1678880036.97,0.37,0.32,9.91
1678880036.98,0.13,-0.13,9.87
1678880036.99,0.47,-0.20,9.78
1678880037.00,0.21,0.51,9.80
1678880037.01,-0.02,-0.49,9.90
1678880037.02,-0.04,0.23,9.77
1678880037.03,0.20,0.57,9.94
1678880037.04,0.30,-0.15,9.76
1678880037.05,0.24,-0.54,9.93
1678880037.06,-0.03,0.01,9.86
1678880037.07,-0.02,0.19,9.78
1678880037.08,0.06,0.42,9.75
1678880037.09,0.22,0.36,10.00
1678880037.10,-0.03,0.34,9.91
1678880037.11,0.08,-0.32,9.70
1678880037.12,0.21,0.37,9.95
1678880037.13,0.10,-0.09,9.57
1678880037.14,0.06,0.24,9.71
1678880037.15,0.04,0.28,9.86
1678880037.16,0.09,-0.73,9.74
1678880037.17,-0.03,0.45,9.66
1678880037.18,0.16,0.29,9.85
1678880037.19,0.05,0.73,9.72
1678880037.20,0.06,0.26,9.86
1678880037.21,0.05,-0.25,9.83
1678880037.22,-0.19,-0.64,9.89
1678880037.23,-0.21,-0.17,9.81
1678880037.24,0.01,-0.19,9.86
1678880037.25,0.07,-0.87,9.87
1678880037.26,0.13,0.00,9.72
1678880037.27,-0.12,0.70,9.80
1678880037.28,0.21,0.16,9.80
1678880037.29,0.29,0.44,9.93
1678880037.30,0.01,-0.35,9.92
1678880037.31,0.12,-0.04,9.73
1678880037.32,-0.08,0.39,9.82
1678880037.33,-0.01,-0.09,9.69
1678880037.34,0.03,-0.30,9.85
1678880037.35,0.15,-0.05,10.00
1678880037.36,0.10,-0.17,9.86
1678880037.37,0.21,-0.41,10.00
1678880037.38,0.12,-0.23,9.93
1678880037.39,0.20,0.67,9.91
1678880037.40,0.01,0.01,9.80
1678880037.41,0.20,-0.58,9.87
1678880037.42,0.05,-0.43,9.67
1678880037.43,-0.01,0.17,9.88
1678880037.44,0.12,0.33,9.76
1678880037.45,0.18,0.19,9.79
1678880037.46,0.01,-0.30,9.73
1678880037.47,0.14,-0.02,9.66
1678880037.48,0.16,0.23,9.70
1678880037.49,0.21,0.24,9.82
1678880037.50,0.05,0.44,9.80
1678880037.51,0.29,-0.03,9.48
1678880037.52,-0.04,0.27,9.85
1678880037.53,0.20,0.38,9.97
1678880037.54,0.05,0.31,9.89
1678880037.55,-0.00,0.21,9.92
1678880037.56,0.22,0.67,10.05
1678880037.57,0.13,-0.17,9.88
1678880037.58,0.12,0.28,9.84
1678880037.59,-0.11,-0.19,9.73
1678880037.60,-0.16,0.20,9.97
1678880037.61,-0.03,0.35,9.67
1678880037.62,0.01,-0.04,9.85
1678880037.63,0.27,-0.13,9.84
1678880037.64,0.08,0.11,9.69
1678880037.65,0.05,-0.04,9.61
1678880037.66,0.14,-0.02,9.74
1678880037.67,0.06,-0.02,9.97
1678880037.68,0.04,-0.47,9.81
1678880037.69,0.28,-0.10,9.82
1678880037.70,-0.02,-0.28,9.86
1678880037.71,0.14,0.06,9.78
1678880037.72,0.22,-0.24,9.88
1678880037.73,0.13,-0.40,9.74
1678880037.74,-0.05,0.10,9.83
1678880037.75,-0.00,-0.15,9.76
1678880037.76,0.14,0.10,9.85
1678880037.77,0.24,0.09,9.92
1678880037.78,-0.04,-0.19,9.84
1678880037.79,0.06,0.46,9.70
1678880037.80,0.17,0.60,9.73
1678880037.81,0.01,0.59,9.81
1678880037.82,-0.01,-0.24,9.86
1678880037.83,0.23,-0.86,9.79
1678880037.84,0.03,0.67,9.81
1678880037.85,0.20,-0.28,9.78
1678880037.86,-0.21,0.35,9.92
1678880037.87,0.05,-0.40,10.06
1678880037.88,0.03,0.04,9.91
1678880037.89,0.15,-0.27,10.02
1678880037.90,-0.06,0.17,9.75
1678880037.91,0.08,0.11,9.64
1678880037.92,0.13,0.40,9.76
1678880037.93,0.23,0.24,9.86
1678880037.94,-0.02,-0.29,9.84
1678880037.95,0.16,0.06,9.64
1678880037.96,0.20,-0.38,9.95
1678880037.97,0.35,0.51,9.79
1678880037.98,0.15,-0.59,9.78
1678880037.99,0.38,-0.68,9.84
1678880038.00,0.08,0.18,9.76
1678880038.01,0.20,-0.01,9.70
1678880038.02,-0.01,0.16,9.66
1678880038.03,0.20,-0.76,9.96
1678880038.04,-0.03,0.50,9.98
1678880038.05,0.07,0.54,9.83
1678880038.06,0.15,0.54,9.78
1678880038.07,0.21,-0.27,9.97
1678880038.08,0.03,0.40,9.83
1678880038.09,0.18,-0.69,9.81
1678880038.10,0.17,0.16,9.76
1678880038.11,0.22,-0.07,9.70
1678880038.12,0.14,-0.02,9.73
1678880038.13,-0.05,0.34,9.75
1678880038.14,0.07,0.47,9.78
1678880038.15,0.14,-0.18,9.75
1678880038.16,-0.09,0.58,9.85
1678880038.17,0.14,-0.00,9.72
1678880038.18,0.12,-0.36,9.84
1678880038.19,0.16,-0.07,9.87
1678880038.20,0.18,0.14,9.66
1678880038.21,0.01,-0.03,9.93
1678880038.22,0.09,0.07,9.82
1678880038.23,0.06,0.12,9.66
1678880038.24,0.01,0.63,9.90
1678880038.25,0.03,0.17,9.77
1678880038.26,-0.03,0.08,9.74
1678880038.27,0.26,-0.08,9.74
1678880038.28,0.10,-0.08,9.89
1678880038.29,0.18,-0.32,9.88
1678880038.30,0.24,0.13,9.91
1678880038.31,0.03,0.37,9.82
1678880038.32,0.24,0.08,9.86
1678880038.33,-0.10,-0.46,9.82
1678880038.34,-0.03,-0.43,9.56
1678880038.35,-0.03,0.08,9.69
1678880038.36,0.17,-0.65,10.00
1678880038.37,0.24,-0.85,9.61
1678880038.38,0.10,-0.60,9.74
1678880038.39,0.14,-0.69,9.87
1678880038.40,0.09,-0.51,9.94
1678880038.41,0.18,-0.23,9.91
1678880038.42,0.02,-0.61,9.79
1678880038.43,0.11,-0.04,9.80
1678880038.44,0.11,-0.06,9.83
1678880038.45,0.23,-0.01,9.88
1678880038.46,0.05,-0.28,9.67
1678880038.47,0.15,0.06,9.68
1678880038.48,-0.05,0.57,9.85
1678880038.49,0.05,0.03,9.74
1678880038.50,0.11,0.07,9.66
1678880038.51,-0.04,0.08,9.69
1678880038.52,0.20,-0.09,9.78
1678880038.53,0.18,0.08,9.89
1678880038.54,0.02,0.13,9.87
1678880038.55,0.07,-0.12,9.85
1678880038.56,0.20,-0.22,9.86
1678880038.57,-0.00,-0.54,9.87
1678880038.58,0.09,-0.34,9.71
1678880038.59,0.14,0.09,9.90
1678880038.60,0.12,-0.14,9.91
1678880038.61,0.34,-0.03,9.76
1678880038.62,0.10,-0.18,9.67
1678880038.63,0.11,-0.00,9.72
1678880038.64,0.23,0.95,9.84
1678880038.65,-0.01,-0.01,9.86
1678880038.66,0.09,0.01,9.84
1678880038.67,-0.01,0.20,9.74
1678880038.68,0.32,-0.22,9.63
1678880038.69,0.19,-0.44,10.19
1678880038.70,0.25,0.25,9.72
1678880038.71,0.19,0.27,9.79
1678880038.72,0.04,-0.25,9.86
1678880038.73,0.17,-0.17,9.79
1678880038.74,0.20,0.45,9.81
1678880038.75,0.06,0.23,9.62
1678880038.76,0.04,-0.29,9.76
1678880038.77,0.14,0.38,10.02
1678880038.78,0.29,-0.12,9.83
1678880038.79,0.03,0.12,9.78
1678880038.80,0.17,0.35,9.76
1678880038.81,0.26,0.23,9.77
1678880038.82,0.01,0.55,9.71
1678880038.83,0.32,0.69,9.85
1678880038.84,0.13,-0.06,9.71
1678880038.85,0.21,-0.20,9.80
1678880038.86,0.35,0.07,10.06
1678880038.87,0.30,0.30,9.88
1678880038.88,0.34,-0.07,9.76
1678880038.89,0.09,-0.40,9.72
1678880038.90,0.05,0.37,9.85
1678880038.91,0.06,-0.19,9.73
1678880038.92,-0.04,-0.36,9.65
1678880038.93,0.13,0.14,9.76
1678880038.94,0.11,0.18,9.88
1678880038.95,0.07,0.14,9.83
1678880038.96,-0.11,0.42,9.87
1678880038.97,0.15,0.21,9.94
1678880038.98,-0.05,0.83,9.75
1678880038.99,-0.03,-0.64,9.71
1678880039.00,0.10,-0.19,9.68
1678880039.01,0.18,-0.72,9.70
1678880039.02,0.35,0.16,9.79
1678880039.03,0.12,0.07,9.87
1678880039.04,0.12,0.07,9.83
1678880039.05,0.03,-0.20,9.93
1678880039.06,-0.01,0.03,9.68
1678880039.07,-0.06,-0.34,9.76
1678880039.08,0.14,0.48,9.76
1678880039.09,0.08,-0.11,9.98
1678880039.10,0.20,-0.15,9.87
1678880039.11,0.04,0.14,9.70
1678880039.12,-0.07,-0.16,9.76
1678880039.13,0.00,-0.13,9.81
1678880039.14,-0.01,0.38,9.86
1678880039.15,0.09,0.06,9.92
1678880039.16,0.22,0.28,9.75
1678880039.17,0.33,-0.13,9.91
1678880039.18,0.15,-0.01,9.89
1678880039.19,-0.01,-0.67,9.95
1678880039.20,0.18,-0.00,9.85
1678880039.21,0.03,0.57,9.83
1678880039.22,0.00,0.38,9.92
1678880039.23,0.29,-0.62,9.78
1678880039.24,0.04,0.19,9.93
1678880039.25,0.05,-0.11,9.84
1678880039.26,0.19,0.43,9.67
1678880039.27,-0.06,0.00,9.75
1678880039.28,0.25,-0.17,9.86
1678880039.29,0.02,0.83,9.75
1678880039.30,0.03,0.72,10.02
1678880039.31,0.06,-0.19,9.82
1678880039.32,0.10,-0.00,9.81
1678880039.33,0.25,-0.30,10.02
1678880039.34,-0.13,-0.58,9.91
1678880039.35,0.14,0.40,9.96
1678880039.36,0.12,-0.63,9.88
1678880039.37,0.07,0.11,9.67
1678880039.38,0.04,0.15,9.83
1678880039.39,0.06,0.27,9.79
1678880039.40,0.15,-0.11,9.79
1678880039.41,-0.19,0.22,9.90
1678880039.42,0.00,-0.52,9.86
1678880039.43,0.10,-0.06,9.85
1678880039.44,0.01,-0.29,9.77
1678880039.45,0.01,0.41,9.93
1678880039.46,0.06,0.04,10.03
1678880039.47,0.07,-0.15,9.88
1678880039.48,0.22,-0.03,9.85
1678880039.49,0.06,-0.45,9.84
1678880039.50,0.23,-0.38,9.86
1678880039.51,-0.09,0.03,9.86
1678880039.52,0.26,-0.01,9.73
1678880039.53,0.03,0.35,9.70
1678880039.54,0.26,-0.77,9.68
1678880039.55,0.18,0.19,9.75
1678880039.56,0.08,-0.28,9.81
1678880039.57,0.24,-0.58,9.90
1678880039.58,0.15,-0.02,9.96
1678880039.59,0.23,0.02,9.93
1678880039.60,-0.05,-0.28,9.95
1678880039.61,0.23,-0.12,9.69
1678880039.62,0.16,-0.29,9.58
1678880039.63,0.07,-0.35,9.90
1678880039.64,-0.08,-0.33,9.94
1678880039.65,0.06,0.44,9.92
1678880039.66,-0.01,0.40,9.90
1678880039.67,0.03,-0.45,9.91
1678880039.68,-0.02,0.50,9.89
1678880039.69,-0.03,-0.82,9.78
1678880039.70,0.17,-0.45,9.84
1678880039.71,-0.08,0.45,9.83
1678880039.72,0.39,0.13,9.99
1678880039.73,0.26,0.18,9.66
1678880039.74,0.15,-0.22,9.85
1678880039.75,-0.00,0.26,9.80
1678880039.76,0.06,0.04,9.51
1678880039.77,0.20,-0.05,9.99
1678880039.78,0.15,0.58,9.73
1678880039.79,0.07,-0.26,9.86
1678880039.80,0.19,-0.62,9.87
1678880039.81,0.02,-0.43,9.70
1678880039.82,0.14,-0.22,9.83
1678880039.83,0.05,-0.09,9.67
1678880039.84,0.05,0.38,9.85
1678880039.85,0.21,-0.05,9.97
1678880039.86,-0.03,0.51,9.94
1678880039.87,-0.02,0.30,9.79
1678880039.88,0.22,0.30,9.94
1678880039.89,-0.00,-0.55,9.75
1678880039.90,-0.02,-0.08,9.79
1678880039.91,0.02,0.40,9.88
1678880039.92,0.19,-0.25,9.80
1678880039.93,0.29,-0.34,9.79
1678880039.94,0.15,-0.08,9.99
1678880039.95,0.04,0.22,9.76
1678880039.96,0.06,-0.06,9.92
1678880039.97,0.10,0.43,9.84
1678880039.98,0.05,-0.24,9.62
1678880039.99,0.11,0.26,9.80
1678880040.00,0.13,0.50,9.81
1678880040.01,0.12,0.00,9.83
1678880040.02,-0.07,-0.43,9.70
1678880040.03,0.18,-0.33,9.77
1678880040.04,0.19,-0.38,9.66
1678880040.05,-0.08,0.58,9.79
1678880040.06,0.01,-0.96,9.84
1678880040.07,0.01,-0.51,9.97
1678880040.08,0.20,-0.12,9.65
1678880040.09,0.34,0.46,9.96
1678880040.10,0.19,-0.02,9.76
1678880040.11,0.08,0.61,9.79
1678880040.12,-0.04,-0.02,9.74
1678880040.13,0.30,-0.44,9.71
1678880040.14,0.07,-0.49,9.54
1678880040.15,-0.02,-0.45,9.84
1678880040.16,0.26,0.16,9.70
1678880040.17,0.10,0.21,9.79
1678880040.18,-0.04,-0.16,9.90
1678880040.19,0.14,0.13,9.77
1678880040.20,0.08,-0.12,9.78
1678880040.21,-0.05,0.53,9.76
1678880040.22,0.07,-0.40,9.74
1678880040.23,-0.18,0.24,9.80
1678880040.24,-0.04,0.13,9.77
1678880040.25,0.00,-0.65,9.72
1678880040.26,0.16,-0.06,9.66
1678880040.27,0.06,-0.02,9.82
1678880040.28,-0.05,-0.35,9.78
1678880040.29,0.15,0.48,9.79
1678880040.30,-0.09,-0.11,9.80
1678880040.31,0.01,-0.47,9.71
1678880040.32,0.13,0.20,9.74
1678880040.33,-0.01,0.11,9.84
1678880040.34,0.25,-0.15,9.90
1678880040.35,0.06,-0.45,9.89
1678880040.36,0.17,0.25,9.89
1678880040.37,0.16,-0.19,9.61
1678880040.38,0.02,0.00,9.75
1678880040.39,0.15,0.49,9.80
1678880040.40,-0.01,0.49,9.79
1678880040.41,0.10,-0.78,9.63
1678880040.42,0.21,0.12,9.94
1678880040.43,0.37,-0.03,9.81
1678880040.44,0.08,0.05,9.92
1678880040.45,0.01,0.55,9.62
1678880040.46,0.16,0.45,9.84
1678880040.47,0.18,-0.40,9.98
1678880040.48,0.24,-0.25,9.62
1678880040.49,-0.01,-0.19,9.61
1678880040.50,0.13,0.18,9.82
1678880040.51,0.07,0.42,9.84
1678880040.52,0.38,-0.22,9.84
1678880040.53,0.00,-0.08,9.90
1678880040.54,0.16,0.38,9.91
1678880040.55,0.02,-0.96,9.60
1678880040.56,0.35,-0.40,9.92
1678880040.57,0.03,-0.29,9.88
1678880040.58,0.21,0.30,9.76
1678880040.59,0.20,0.04,9.99
1678880040.60,0.15,0.33,9.67
1678880040.61,0.31,0.56,9.72
1678880040.62,0.26,-0.30,9.83
1678880040.63,0.05,-0.51,9.79
1678880040.64,0.04,0.39,9.70
1678880040.65,0.03,-0.35,9.89
1678880040.66,0.13,0.29,9.75
1678880040.67,0.13,0.35,9.77
1678880040.68,0.05,0.06,9.86
1678880040.69,0.11,-0.44,9.76
1678880040.70,-0.03,1.03,9.83
1678880040.71,-0.10,-0.14,9.69
1678880040.72,0.38,0.22,9.76
1678880040.73,0.25,0.35,9.74
1678880040.74,-0.02,-0.44,9.78
1678880040.75,0.09,-0.07,9.87
1678880040.76,0.14,-0.03,9.90
1678880040.77,-0.12,-0.03,9.69
1678880040.78,0.15,0.30,9.74
1678880040.79,-0.15,0.70,9.95
1678880040.80,0.25,-0.35,9.87
1678880040.81,0.14,0.13,9.95
1678880040.82,0.37,0.08,9.85
1678880040.83,0.28,0.03,9.81
1678880040.84,0.11,0.64,9.95
1678880040.85,-0.20,0.65,9.79
1678880040.86,-0.06,0.48,9.86
1678880040.87,0.12,0.01,9.96
1678880040.88,0.19,-0.25,9.63
1678880040.89,-0.00,-0.17,9.76
1678880040.90,0.24,-0.39,9.79
1678880040.91,0.28,-0.31,9.86
1678880040.92,0.05,0.74,9.86
1678880040.93,-0.03,-0.40,9.73
1678880040.94,-0.05,0.33,9.67
1678880040.95,0.16,0.08,9.95
1678880040.96,0.29,0.50,9.75
1678880040.97,0.11,-0.39,10.02
1678880040.98,0.09,0.53,9.90
1678880040.99,0.05,-0.28,9.79
1678880041.00,0.05,-0.07,9.95
1678880041.01,0.25,0.64,9.65
1678880041.02,-0.03,-0.14,10.04
1678880041.03,0.38,-0.17,9.82
1678880041.04,0.13,0.66,9.88
1678880041.05,0.29,0.09,9.74
1678880041.06,0.00,-0.25,9.89
1678880041.07,0.23,0.79,9.87
1678880041.08,0.11,-0.23,9.83
1678880041.09,0.20,-0.77,9.71
1678880041.10,-0.06,0.72,9.89
1678880041.11,0.05,0.15,9.95
1678880041.12,0.05,0.13,9.80
1678880041.13,0.14,0.09,9.87
1678880041.14,0.03,-0.32,9.84
1678880041.15,0.07,0.01,9.93
1678880041.16,0.04,-0.07,9.84
1678880041.17,0.09,-0.14,9.72
1678880041.18,-0.06,-0.10,9.92
1678880041.19,0.34,-0.13,9.85
1678880041.20,0.17,0.15,9.72
1678880041.21,0.20,0.23,9.65
1678880041.22,0.16,0.17,9.72
1678880041.23,-0.01,0.45,9.87
1678880041.24,0.34,-0.44,9.76
1678880041.25,0.02,-0.29,9.74
1678880041.26,0.10,-0.53,9.74
1678880041.27,0.03,0.38,9.80
1678880041.28,0.16,-0.10,9.72
1678880041.29,0.07,0.31,9.92
1678880041.30,0.24,0.81,10.02
1678880041.31,0.10,-0.05,9.83
1678880041.32,0.12,-0.18,9.66
1678880041.33,0.15,-0.24,9.79
1678880041.34,-0.09,0.39,9.67
1678880041.35,0.33,-0.32,9.86
1678880041.36,0.09,-0.38,9.74
1678880041.37,0.17,-0.16,9.90
1678880041.38,0.09,-0.23,9.82
1678880041.39,0.18,0.24,10.00
1678880041.40,0.01,-0.41,9.91
1678880041.41,0.01,0.03,9.71
1678880041.42,0.05,-0.19,9.84
1678880041.43,0.14,-0.17,9.74
1678880041.44,0.20,-0.52,9.79
1678880041.45,0.07,0.09,9.93
1678880041.46,0.17,0.29,9.75
1678880041.47,0.09,-0.50,9.86
1678880041.48,-0.03,0.34,9.79
1678880041.49,0.30,-0.19,9.79
1678880041.50,-0.07,0.35,9.84
1678880041.51,0.22,-0.69,9.85
1678880041.52,0.29,0.59,9.72
1678880041.53,0.36,-0.43,9.70
1678880041.54,0.23,-0.37,9.82
1678880041.55,0.05,0.70,9.82
1678880041.56,0.32,0.22,9.73
1678880041.57,0.34,0.06,9.86
1678880041.58,0.15,0.65,9.67
1678880041.59,0.30,-0.57,9.72
1678880041.60,-0.08,0.09,9.80
1678880041.61,0.15,-0.70,9.73
1678880041.62,0.17,0.30,9.67
1678880041.63,0.07,0.24,9.92
1678880041.64,-0.24,0.19,9.73
1678880041.65,-0.14,0.51,9.79
1678880041.66,0.18,0.30,9.81
1678880041.67,0.04,-0.25,9.88
1678880041.68,0.11,0.06,9.74
1678880041.69,-0.10,0.42,9.75
1678880041.70,0.21,0.67,10.05
1678880041.71,0.05,-0.67,9.73
1678880041.72,0.35,-0.06,9.86
1678880041.73,0.13,-0.11,9.91
1678880041.74,0.32,0.89,9.85
1678880041.75,-0.07,0.30,9.79
1678880041.76,0.03,-0.83,9.93
1678880041.77,0.18,0.02,9.79
1678880041.78,0.20,-0.23,9.91
1678880041.79,0.30,0.10,9.89
1678880041.80,-0.16,-0.10,9.59
1678880041.81,0.12,0.24,9.83
1678880041.82,0.05,0.36,9.78
1678880041.83,0.11,-0.00,9.64
1678880041.84,0.05,0.04,9.76
1678880041.85,0.08,0.49,9.79
1678880041.86,0.10,-0.07,9.65
1678880041.87,0.28,-0.07,9.83
1678880041.88,0.01,-0.48,9.72
1678880041.89,0.29,0.37,9.67
1678880041.90,0.01,0.18,9.96
1678880041.91,0.03,-0.38,9.77
1678880041.92,0.07,0.77,9.85
1678880041.93,0.08,-0.15,9.73
1678880041.94,0.04,-0.01,9.88
1678880041.95,-0.10,0.11,9.83
1678880041.96,0.05,0.14,9.87
1678880041.97,-0.10,0.03,9.80
1678880041.98,0.32,0.05,9.91
1678880041.99,-0.02,0.27,9.93
1678880042.00,0.19,-0.28,9.93
1678880042.01,-0.05,0.14,9.84
1678880042.02,0.08,-0.22,9.81
1678880042.03,0.05,0.72,9.94
1678880042.04,0.31,0.01,9.81
1678880042.05,0.14,0.27,9.85
1678880042.06,-0.03,-0.07,9.91
1678880042.07,0.44,-0.18,9.77
1678880042.08,0.06,0.51,9.83
1678880042.09,0.07,0.02,9.82
1678880042.10,0.14,0.21,9.89
1678880042.11,0.22,0.54,9.78
1678880042.12,0.09,-0.13,9.84
1678880042.13,0.20,0.21,9.81
1678880042.14,-0.01,-0.35,9.71
1678880042.15,0.02,-0.08,9.91
1678880042.16,0.19,-0.51,9.67
1678880042.17,0.07,0.26,9.79
1678880042.18,0.10,-0.13,9.89
1678880042.19,0.14,-0.05,9.67
1678880042.20,0.12,-0.13,9.82
1678880042.21,-0.09,0.58,9.82
1678880042.22,0.24,0.25,9.89
1678880042.23,0.04,-0.22,9.67
1678880042.24,0.19,0.11,9.87
1678880042.25,-0.01,-0.02,9.70
1678880042.26,-0.10,0.00,9.66
1678880042.27,0.51,0.17,9.93
1678880042.28,0.21,0.09,9.70
1678880042.29,0.13,0.60,9.72
1678880042.30,0.23,-0.07,9.90
1678880042.31,0.02,0.37,9.94
1678880042.32,0.08,0.04,9.87
1678880042.33,0.18,0.49,9.80
1678880042.34,0.08,0.03,9.85
1678880042.35,-0.07,0.22,9.93
1678880042.36,0.12,0.14,9.77
1678880042.37,0.14,-0.04,9.83
1678880042.38,0.02,0.19,9.93
1678880042.39,0.06,0.06,9.92
1678880042.40,0.08,-0.37,9.87
1678880042.41,0.08,0.12,9.80
1678880042.42,0.14,-0.03,9.76
1678880042.43,0.22,-0.06,9.88
1678880042.44,0.30,-0.22,9.80
1678880042.45,0.11,-0.07,9.86
1678880042.46,-0.02,-0.39,9.76
1678880042.47,0.13,0.20,9.87
1678880042.48,0.07,-0.63,9.87
1678880042.49,0.01,0.12,9.80
1678880042.50,-0.02,0.12,9.83
1678880042.51,0.20,0.07,10.01
1678880042.52,-0.00,0.72,9.98
1678880042.53,0.06,-0.43,9.77
1678880042.54,0.06,0.20,9.87
1678880042.55,0.18,-0.63,9.61
1678880042.56,0.12,0.47,9.83
1678880042.57,0.32,-0.39,9.82
1678880042.58,0.24,0.05,9.95
1678880042.59,0.21,-0.10,9.78
1678880042.60,-0.06,0.03,10.01
1678880042.61,-0.09,-0.04,9.92
1678880042.62,0.14,-0.61,9.80
1678880042.63,0.17,0.07,9.78
1678880042.64,0.10,0.50,9.72
1678880042.65,0.30,-0.20,9.82
1678880042.66,0.08,0.30,9.95
1678880042.67,0.08,-0.64,9.77
1678880042.68,-0.08,-0.70,9.77
1678880042.69,0.07,-0.06,9.65
1678880042.70,0.17,0.59,9.77
1678880042.71,0.31,-0.57,9.90
1678880042.72,0.19,0.02,9.82
1678880042.73,0.12,-0.34,9.67
1678880042.74,0.22,0.19,9.86
1678880042.75,0.06,-0.31,9.72
1678880042.76,-0.07,-0.33,9.87
1678880042.77,0.16,-0.09,9.96
1678880042.78,0.03,0.06,9.98
1678880042.79,0.32,0.50,9.95
1678880042.80,-0.01,-0.11,9.75
1678880042.81,0.28,-0.47,9.77
1678880042.82,0.03,-0.28,9.72
1678880042.83,0.30,0.28,9.83
1678880042.84,-0.04,-0.18,9.84
1678880042.85,0.07,-0.04,9.76
1678880042.86,0.14,0.05,9.88
1678880042.87,0.22,0.24,9.78
1678880042.88,0.11,-0.94,9.76
1678880042.89,0.21,0.00,9.69
1678880042.90,-0.04,-0.12,9.75
1678880042.91,0.01,0.37,9.96
1678880042.92,0.15,-0.35,9.97
1678880042.93,0.28,-0.02,9.88
1678880042.94,0.01,-0.35,9.99
1678880042.95,0.17,0.02,9.84
1678880042.96,0.12,0.25,9.93
1678880042.97,0.30,-0.31,9.81
1678880042.98,0.11,-0.52,9.98
1678880042.99,0.12,-0.52,9.82
1678880043.00,0.05,-0.42,9.94
1678880043.01,0.14,0.12,9.94
1678880043.02,0.29,0.02,9.73
1678880043.03,0.04,0.17,9.77
1678880043.04,0.13,0.42,9.95
1678880043.05,-0.00,-0.09,9.94
1678880043.06,0.03,-0.01,9.85
1678880043.07,0.26,-0.16,9.89
1678880043.08,0.10,0.18,9.80
1678880043.09,0.13,-0.40,9.72
1678880043.10,-0.02,-0.03,9.82
1678880043.11,0.13,0.19,9.65
1678880043.12,0.16,-0.17,9.66
1678880043.13,0.02,0.26,9.68
1678880043.14,0.27,-0.42,9.79
1678880043.15,0.13,-0.32,9.72
1678880043.16,0.17,-0.18,9.72
1678880043.17,0.09,0.05,9.87
1678880043.18,0.03,0.36,9.78
1678880043.19,-0.09,-0.34,9.84
1678880043.20,0.11,-0.79,9.68
1678880043.21,0.12,0.14,9.67
1678880043.22,0.14,-0.05,9.81
1678880043.23,0.10,0.11,9.82
1678880043.24,0.20,0.02,9.92
1678880043.25,0.10,-0.12,9.56
1678880043.26,0.19,0.19,9.65
1678880043.27,-0.15,-0.02,9.71
1678880043.28,0.07,0.50,9.80
1678880043.29,0.13,0.14,9.85
1678880043.30,-0.17,0.22,10.03
1678880043.31,0.07,0.36,9.91
1678880043.32,0.30,-0.18,9.98
1678880043.33,-0.09,0.08,9.85
1678880043.34,0.08,-0.38,9.93
1678880043.35,-0.02,-0.01,9.83
1678880043.36,0.06,-0.05,9.79
1678880043.37,0.02,-0.27,9.87
1678880043.38,0.22,0.09,9.75
1678880043.39,0.12,0.74,9.83
1678880043.40,-0.07,-0.74,9.92
1678880043.41,-0.03,-0.05,9.74
1678880043.42,0.08,0.52,9.87
1678880043.43,0.08,-0.24,9.64
1678880043.44,0.14,-0.00,9.63
1678880043.45,0.01,-0.51,9.75
1678880043.46,0.15,-0.54,9.81
1678880043.47,0.00,0.28,9.86
1678880043.48,0.16,-0.40,9.66
1678880043.49,0.28,-0.07,9.69
1678880043.50,0.03,0.45,9.70
1678880043.51,0.19,-0.70,10.02
1678880043.52,0.11,-0.20,9.71
1678880043.53,-0.12,-0.16,9.72
1678880043.54,0.15,-0.04,9.81
1678880043.55,0.17,0.45,9.74
1678880043.56,-0.04,0.13,9.72
1678880043.57,-0.13,-0.43,10.00
1678880043.58,0.17,-0.02,9.73
1678880043.59,0.24,-0.02,9.61
1678880043.60,-0.20,-0.43,9.86
1678880043.61,-0.12,-0.52,9.92
1678880043.62,0.37,-0.73,9.69
1678880043.63,0.06,-0.24,9.77
1678880043.64,-0.17,-0.26,9.80
1678880043.65,-0.08,0.10,9.70
1678880043.66,-0.00,0.59,9.65
1678880043.67,0.30,-0.64,9.78
1678880043.68,0.12,0.32,9.67
1678880043.69,0.21,0.39,9.90
1678880043.70,-0.12,0.19,9.86
1678880043.71,0.05,0.62,9.81
1678880043.72,0.04,-0.00,9.83
1678880043.73,0.14,0.25,9.79
1678880043.74,-0.09,0.36,9.77
1678880043.75,0.09,0.03,9.79
1678880043.76,0.16,0.03,9.88
1678880043.77,0.29,0.24,9.84
1678880043.78,0.22,-0.11,9.75
1678880043.79,0.20,-0.10,9.73
1678880043.80,0.04,0.16,9.69
1678880043.81,0.17,-0.48,9.83
1678880043.82,0.23,0.11,9.90
1678880043.83,0.12,0.53,9.84
1678880043.84,0.18,-0.26,9.77
1678880043.85,0.09,-0.18,9.68
1678880043.86,-0.09,0.75,9.79
1678880043.87,0.10,0.39,9.84
1678880043.88,0.21,-0.22,9.77
1678880043.89,0.09,-0.09,9.65
1678880043.90,0.22,-0.18,9.81
1678880043.91,0.01,0.09,9.81
1678880043.92,0.02,0.56,9.85
1678880043.93,0.03,-0.04,9.82
1678880043.94,0.27,0.50,9.86
1678880043.95,-0.18,-0.39,9.85
1678880043.96,-0.08,0.12,9.64
1678880043.97,0.28,-0.06,9.78
1678880043.98,-0.06,-0.28,9.59
1678880043.99,0.11,-0.06,9.87
1678880044.00,0.07,0.30,9.85
1678880044.01,0.14,0.12,9.75
1678880044.02,0.09,0.00,9.84
1678880044.03,-0.11,0.50,9.71
1678880044.04,0.17,0.06,9.73
1678880044.05,0.25,0.14,9.75
1678880044.06,-0.08,0.19,9.85
1678880044.07,0.07,0.37,9.94
1678880044.08,0.25,-0.15,9.72
1678880044.09,0.14,-0.02,9.79
1678880044.10,-0.08,-0.08,9.78
1678880044.11,0.06,-0.28,9.82
1678880044.12,-0.02,-0.13,9.88
1678880044.13,0.14,0.31,9.78
1678880044.14,-0.12,0.46,9.98
1678880044.15,-0.04,0.15,9.85
1678880044.16,-0.06,-0.22,9.49
1678880044.17,0.23,-0.19,9.87
1678880044.18,0.29,0.25,9.85
1678880044.19,0.21,-0.24,9.78
1678880044.20,0.14,0.15,9.81
1678880044.21,0.08,0.57,9.87
1678880044.22,0.23,0.34,9.80
1678880044.23,0.09,0.14,9.77
1678880044.24,0.31,-0.33,9.83
1678880044.25,0.03,-0.39,9.83
1678880044.26,0.20,0.20,9.73
1678880044.27,-0.01,0.07,9.76
1678880044.28,0.20,0.30,9.83
1678880044.29,0.07,-1.03,9.79
1678880044.30,0.02,-0.11,9.81
1678880044.31,-0.13,-0.16,9.86
1678880044.32,0.10,0.12,9.63
1678880044.33,0.20,0.02,9.79
1678880044.34,-0.03,-0.71,9.70
1678880044.35,0.20,0.39,9.69
1678880044.36,0.22,0.35,9.86
1678880044.37,-0.14,-0.36,9.68
1678880044.38,0.19,0.40,9.77
1678880044.39,0.30,-0.08,9.82
1678880044.40,0.15,0.06,9.85
1678880044.41,0.06,-0.21,9.74
1678880044.42,-0.01,0.24,9.89
1678880044.43,-0.15,-0.14,9.93
1678880044.44,0.05,0.27,9.92
1678880044.45,0.05,-0.53,9.94
1678880044.46,0.03,-0.50,9.93
1678880044.47,0.02,-0.24,9.70
1678880044.48,0.05,0.03,9.72
1678880044.49,0.11,-0.49,9.79
1678880044.50,0.10,0.28,9.80
1678880044.51,0.20,-0.30,9.80
1678880044.52,0.32,-0.43,9.73
1678880044.53,0.06,-0.23,9.99
1678880044.54,-0.02,-0.04,9.80
1678880044.55,0.23,-0.32,9.67
1678880044.56,0.15,-0.12,9.82
1678880044.57,0.00,-0.13,9.72
1678880044.58,-0.00,-0.08,9.85
1678880044.59,-0.05,0.26,9.95
1678880044.60,0.22,-0.35,9.86
1678880044.61,0.30,0.11,9.75
1678880044.62,0.02,-0.33,9.81
1678880044.63,0.24,-0.06,9.94
1678880044.64,0.03,-0.05,9.75
1678880044.65,0.04,0.63,9.77
1678880044.66,0.11,-0.00,9.90
1678880044.67,0.36,0.35,9.76
1678880044.68,0.26,-0.03,9.79
1678880044.69,0.25,0.04,9.84
1678880044.70,-0.21,0.43,9.72
1678880044.71,0.02,-0.13,9.84
1678880044.72,0.15,0.30,9.82
1678880044.73,0.06,0.16,9.74
1678880044.74,0.01,-0.08,9.86
1678880044.75,-0.17,-0.09,9.75
1678880044.76,0.22,-0.29,9.90
1678880044.77,0.11,-0.20,9.75
1678880044.78,0.02,0.11,9.71
1678880044.79,-0.01,-0.05,9.94
1678880044.80,0.14,-0.17,9.73
1678880044.81,0.07,0.12,9.99
1678880044.82,0.14,-0.21,9.62
1678880044.83,-0.10,0.48,9.90
1678880044.84,0.19,-0.04,9.77
1678880044.85,0.10,0.14,9.75
1678880044.86,0.03,0.05,9.84
1678880044.87,0.18,0.20,9.86
1678880044.88,0.04,0.43,9.73
1678880044.89,0.03,0.04,9.85
1678880044.90,0.26,0.27,9.66
1678880044.91,0.17,-0.36,9.90
1678880044.92,-0.01,0.30,9.78
1678880044.93,0.35,-0.62,9.82
1678880044.94,-0.00,-0.05,9.67
1678880044.95,0.10,0.25,9.69
1678880044.96,-0.03,0.39,9.69
1678880044.97,-0.01,-0.44,9.93
1678880044.98,0.13,0.29,9.75
1678880044.99,0.15,-0.06,9.88
1678880045.00,-0.01,-0.23,10.04
1678880045.01,0.14,0.02,9.96
1678880045.02,-0.11,0.19,9.74
1678880045.03,0.17,-0.30,9.89
1678880045.04,0.06,-0.76,9.87
1678880045.05,0.15,0.04,9.90
1678880045.06,0.24,-0.01,9.91
1678880045.07,0.31,-0.29,9.70
1678880045.08,0.19,-0.63,9.90
1678880045.09,0.09,0.01,9.77
1678880045.10,0.15,-0.08,9.80
1678880045.11,0.06,0.71,9.92
1678880045.12,0.00,0.08,9.86
1678880045.13,0.02,0.22,9.77
1678880045.14,0.05,0.39,9.82
1678880045.15,0.15,0.48,9.86
1678880045.16,0.16,-0.85,9.87
1678880045.17,0.07,-0.80,9.74
1678880045.18,0.17,-0.16,9.83
1678880045.19,0.03,-0.03,9.77
1678880045.20,0.28,0.38,9.83
1678880045.21,0.16,-0.58,9.85
1678880045.22,0.09,-0.20,9.88
1678880045.23,0.06,0.69,9.82
1678880045.24,0.11,-0.42,9.93
1678880045.25,0.12,0.18,9.83
1678880045.26,0.17,0.06,9.94
1678880045.27,0.28,0.23,9.70
1678880045.28,0.08,0.26,9.83
1678880045.29,0.15,0.01,9.95
1678880045.30,0.10,-0.13,9.81
1678880045.31,0.10,-0.61,9.85
1678880045.32,0.05,-0.32,9.71
1678880045.33,0.07,-0.88,9.77
1678880045.34,0.21,-0.11,9.68
1678880045.35,-0.02,-0.00,9.64
1678880045.36,-0.02,-0.05,9.69
1678880045.37,0.10,0.08,9.75
1678880045.38,0.01,-0.20,9.77
1678880045.39,0.26,-0.29,9.86
1678880045.40,0.03,0.22,9.82
1678880045.41,0.12,-0.46,9.87
1678880045.42,0.24,0.56,9.85
1678880045.43,-0.09,-0.18,9.74
1678880045.44,0.10,0.06,9.83
1678880045.45,0.23,-0.39,9.82
1678880045.46,-0.14,0.16,9.71
1678880045.47,0.13,0.81,9.89
1678880045.48,0.32,-0.48,9.80
1678880045.49,0.14,-0.34,9.83
1678880045.50,0.03,-0.31,9.73
1678880045.51,0.03,-0.40,9.80
1678880045.52,0.32,-0.28,9.72
1678880045.53,0.11,0.27,10.02
1678880045.54,0.29,0.94,9.91
1678880045.55,0.25,-0.01,9.83
1678880045.56,0.13,0.42,9.91
1678880045.57,0.12,0.12,9.70
1678880045.58,0.03,-0.20,9.92
1678880045.59,0.15,0.27,9.89
1678880045.60,-0.10,0.05,9.98
1678880045.61,0.15,-0.06,9.68
1678880045.62,0.39,0.38,9.90
1678880045.63,0.05,-0.20,9.72
1678880045.64,0.08,-0.27,9.95
1678880045.65,0.31,0.29,9.86
1678880045.66,0.07,0.06,9.73
1678880045.67,0.38,0.16,9.93
1678880045.68,-0.09,0.32,9.88
1678880045.69,0.22,-0.03,10.03
1678880045.70,0.14,0.00,9.86
1678880045.71,0.03,-0.13,9.81
1678880045.72,-0.23,0.20,9.91
1678880045.73,0.04,0.34,9.86
1678880045.74,0.23,-0.29,10.00
1678880045.75,0.07,0.26,9.79
1678880045.76,-0.13,-0.26,9.85
1678880045.77,0.00,-0.22,9.70
1678880045.78,-0.01,-0.58,9.68
1678880045.79,0.00,0.21,9.65
1678880045.80,0.11,0.64,9.74
1678880045.81,0.14,0.28,9.78
1678880045.82,0.46,-0.18,9.94
1678880045.83,0.15,0.09,9.74
1678880045.84,0.17,-0.40,9.85
1678880045.85,0.03,0.38,9.78
1678880045.86,0.13,0.13,9.72
1678880045.87,0.07,-0.02,9.71
1678880045.88,0.08,0.13,9.87
1678880045.89,0.22,0.12,9.79
1678880045.90,0.00,0.68,9.64
1678880045.91,0.19,0.22,9.90
1678880045.92,0.38,0.16,9.86
1678880045.93,0.16,0.30,9.73
1678880045.94,0.25,-0.12,9.65
1678880045.95,0.23,-0.11,9.94
1678880045.96,0.14,0.18,9.76
1678880045.97,0.20,0.13,9.83
1678880045.98,0.10,-0.04,9.70
1678880045.99,0.06,0.78,9.96
1678880046.00,0.16,-0.47,9.82
1678880046.01,0.10,0.08,9.86
1678880046.02,0.21,-0.03,9.74
1678880046.03,-0.11,-0.28,9.91
1678880046.04,0.35,0.19,9.80
1678880046.05,0.13,-0.90,9.66
1678880046.06,-0.07,-0.43,9.83
1678880046.07,0.17,-0.86,10.01
1678880046.08,0.23,0.29,9.72
1678880046.09,0.00,0.14,9.74
1678880046.10,0.25,0.19,9.80
1678880046.11,0.27,-0.05,9.77
1678880046.12,-0.04,-0.33,10.00
1678880046.13,0.15,-0.27,9.68
1678880046.14,0.14,-0.31,9.73
1678880046.15,0.09,-0.10,9.71
1678880046.16,0.13,-0.24,9.90
1678880046.17,0.09,-0.12,9.88
1678880046.18,0.14,0.16,9.93
1678880046.19,0.18,0.12,9.84
1678880046.20,0.04,0.06,9.96
1678880046.21,0.19,-0.18,9.69
1678880046.22,0.07,-0.37,9.91
1678880046.23,0.22,0.42,9.77
1678880046.24,-0.14,-0.43,9.84
1678880046.25,0.23,0.20,9.82
1678880046.26,0.12,0.12,10.00
1678880046.27,0.15,-0.00,9.87
1678880046.28,-0.08,0.01,9.68
1678880046.29,0.21,-0.08,9.86
1678880046.30,-0.05,0.81,9.73
1678880046.31,0.15,0.39,9.74
1678880046.32,0.10,-0.04,9.86
1678880046.33,-0.19,-0.35,9.87
1678880046.34,0.17,-0.01,9.87
1678880046.35,0.04,-0.70,9.66
1678880046.36,0.26,-0.31,9.66
1678880046.37,0.20,-0.37,9.69
1678880046.38,0.14,-0.32,9.92
1678880046.39,0.10,0.19,9.70
1678880046.40,0.13,0.31,9.72
1678880046.41,-0.06,-0.43,9.81
1678880046.42,0.39,-0.71,9.71
1678880046.43,-0.01,-0.79,9.91
1678880046.44,0.14,-0.37,9.79
1678880046.45,-0.05,-0.57,9.77
1678880046.46,0.20,0.09,9.69
1678880046.47,0.19,0.10,9.70
1678880046.48,0.30,-0.56,9.93
1678880046.49,0.02,0.04,9.90
1678880046.50,-0.01,-0.21,9.76
1678880046.51,0.27,0.25,9.83
1678880046.52,0.18,-0.15,9.80
1678880046.53,0.25,0.83,9.87
1678880046.54,-0.01,0.11,9.58
1678880046.55,0.23,0.09,9.73
1678880046.56,0.16,-0.40,9.71
1678880046.57,0.17,0.60,9.76
1678880046.58,0.03,-0.23,9.78
1678880046.59,0.08,0.24,9.81
1678880046.60,0.05,-0.24,9.86
1678880046.61,0.16,0.45,9.80
1678880046.62,0.03,0.39,9.86
1678880046.63,0.27,0.44,9.88
1678880046.64,0.12,-0.02,9.92
1678880046.65,0.25,-0.03,9.96
1678880046.66,0.04,-0.32,9.87
1678880046.67,0.05,0.08,9.85
1678880046.68,0.19,-0.13,9.69
1678880046.69,0.06,0.91,9.93
1678880046.70,0.26,-0.49,9.88
1678880046.71,0.10,0.11,9.64
1678880046.72,0.39,-0.31,9.89
1678880046.73,0.19,0.43,9.93
1678880046.74,0.12,-0.38,9.92
1678880046.75,0.22,-0.03,9.85
1678880046.76,0.13,-0.32,9.76
1678880046.77,0.15,0.53,9.76
1678880046.78,0.24,-0.26,9.98
1678880046.79,0.06,0.21,9.81
1678880046.80,0.02,0.36,9.79
1678880046.81,0.03,0.59,9.80
1678880046.82,0.03,0.26,9.68
1678880046.83,0.23,0.33,9.88
1678880046.84,0.13,-0.22,9.86
1678880046.85,0.26,0.09,9.65
1678880046.86,0.45,0.45,9.83
1678880046.87,0.27,0.35,9.75
1678880046.88,0.12,-0.34,9.77
1678880046.89,0.04,0.37,9.84
1678880046.90,0.21,0.01,10.04
1678880046.91,0.08,-0.22,9.73
1678880046.92,0.27,-0.79,9.84
1678880046.93,0.06,0.26,9.70
1678880046.94,0.04,-0.07,9.89
1678880046.95,0.21,0.56,9.81
1678880046.96,0.01,0.41,10.00
1678880046.97,0.15,-0.12,9.89
1678880046.98,0.14,-0.26,9.83
1678880046.99,0.07,-0.28,10.06
1678880047.00,0.16,0.21,9.77
1678880047.01,0.15,-0.19,9.90
1678880047.02,0.23,0.19,9.89
1678880047.03,0.15,-0.02,9.83
1678880047.04,0.21,-0.04,9.76
1678880047.05,-0.14,0.43,9.75
1678880047.06,0.17,-0.27,9.87
1678880047.07,0.15,-0.37,9.99
1678880047.08,0.13,0.22,9.83
1678880047.09,0.02,-0.11,10.00
1678880047.10,-0.04,-0.14,9.93
1678880047.11,-0.07,-0.44,9.77
1678880047.12,0.06,-0.27,9.73
1678880047.13,0.07,0.46,9.71
1678880047.14,0.36,0.20,9.68
1678880047.15,0.18,-0.01,9.84
1678880047.16,0.37,0.36,9.77
1678880047.17,0.07,-0.39,9.83
1678880047.18,0.00,0.34,9.80
1678880047.19,0.26,-0.58,9.74
1678880047.20,0.16,0.10,9.73
1678880047.21,-0.03,0.33,9.71
1678880047.22,0.18,0.03,9.79
1678880047.23,0.03,0.67,9.76
1678880047.24,-0.26,-0.06,9.93
1678880047.25,0.10,-0.09,9.99
1678880047.26,0.11,-0.22,9.78
1678880047.27,0.09,0.13,9.95
1678880047.28,0.15,0.40,9.75
1678880047.29,0.20,-0.65,9.69
1678880047.30,0.08,0.26,9.84
1678880047.31,0.05,-0.44,9.88
1678880047.32,-0.23,0.01,9.76
1678880047.33,0.14,-0.00,9.86
1678880047.34,0.17,0.46,9.92
1678880047.35,0.22,0.07,9.83
1678880047.36,0.30,-0.01,9.79
1678880047.37,-0.08,0.16,9.86
1678880047.38,0.25,-0.12,9.72
1678880047.39,-0.06,0.03,9.80
1678880047.40,0.16,0.15,9.91
1678880047.41,0.25,0.16,9.61
1678880047.42,0.04,0.32,9.73
1678880047.43,-0.05,-0.22,9.83
1678880047.44,0.05,-0.18,9.69
1678880047.45,0.29,0.32,9.70
1678880047.46,-0.19,0.05,9.74
1678880047.47,0.14,-0.19,9.83
1678880047.48,0.14,-0.65,9.81
1678880047.49,-0.05,0.05,9.86
1678880047.50,0.08,0.28,9.89
1678880047.51,0.28,-0.59,9.84
1678880047.52,0.22,0.15,9.79
1678880047.53,0.18,0.21,10.00
1678880047.54,0.26,-0.76,9.80
1678880047.55,0.24,-0.17,9.83
1678880047.56,0.13,-0.49,9.59
1678880047.57,0.33,-0.48,9.76
1678880047.58,0.16,0.22,9.76
1678880047.59,0.17,0.57,9.93
1678880047.60,-0.00,-0.03,9.78
1678880047.61,0.12,0.16,9.80
1678880047.62,0.17,-0.16,9.82
1678880047.63,0.40,0.63,9.73
1678880047.64,-0.14,-0.36,9.93
1678880047.65,0.02,0.03,9.81
1678880047.66,0.20,-0.08,9.76
1678880047.67,-0.04,-0.02,9.81
1678880047.68,0.12,0.16,9.75
1678880047.69,0.29,-0.00,9.99
1678880047.70,-0.04,-0.25,9.69
1678880047.71,-0.17,-0.30,9.77
1678880047.72,-0.02,0.34,9.88
1678880047.73,0.03,0.21,9.74
1678880047.74,0.11,-0.43,9.70
1678880047.75,0.11,-0.49,9.75
1678880047.76,0.30,0.45,9.83
1678880047.77,0.34,0.10,9.91
1678880047.78,0.15,-0.00,9.70
1678880047.79,-0.20,-0.18,9.83
1678880047.80,0.09,-0.25,9.87
1678880047.81,0.15,0.31,9.76
1678880047.82,0.27,-0.03,9.97
1678880047.83,-0.06,0.66,9.94
1678880047.84,0.06,-0.10,9.81
1678880047.85,0.26,-0.02,9.57
1678880047.86,0.11,0.40,9.80
1678880047.87,0.17,0.03,9.65
1678880047.88,0.22,-0.18,9.99
1678880047.89,0.09,0.12,9.78
1678880047.90,0.01,-0.01,9.81
1678880047.91,0.10,-0.27,9.59
1678880047.92,0.10,-0.45,9.89
1678880047.93,0.27,0.45,9.79
1678880047.94,0.06,-0.20,9.84
1678880047.95,0.02,0.21,9.83
1678880047.96,0.14,-0.21,9.80
1678880047.97,0.14,-0.46,9.85
1678880047.98,0.29,0.11,9.79
1678880047.99,-0.01,0.02,9.64
1678880048.00,0.16,-0.32,9.74
1678880048.01,-0.11,0.18,9.89
1678880048.02,0.12,0.08,9.90
1678880048.03,0.31,-0.13,9.83
1678880048.04,0.13,0.11,9.72
1678880048.05,0.17,-0.07,9.75
1678880048.06,0.06,-0.54,9.90
1678880048.07,0.00,0.38,9.73
1678880048.08,0.25,-0.11,9.76
1678880048.09,0.22,0.22,9.69
1678880048.10,0.06,-0.21,9.75
1678880048.11,0.12,0.20,9.72
1678880048.12,0.03,0.44,9.97
1678880048.13,0.00,0.12,9.75
1678880048.14,0.04,0.58,9.77
1678880048.15,0.11,-0.54,9.72
1678880048.16,0.13,0.08,9.80
1678880048.17,-0.05,0.28,9.71
1678880048.18,-0.04,0.31,9.77
1678880048.19,-0.11,0.21,9.83
1678880048.20,0.25,-3.04,9.81
1678880048.21,0.19,-2.99,9.92
1678880048.22,0.23,-3.01,9.87
1678880048.23,-0.11,-3.04,9.92
1678880048.24,0.13,-3.40,9.85
1678880048.25,0.16,-3.03,9.71
1678880048.26,0.07,-3.32,9.82
1678880048.27,-0.06,-3.06,9.80
1678880048.28,0.13,-3.14,9.80
1678880048.29,0.11,-2.80,9.74
1678880048.30,0.16,-3.04,9.87
1678880048.31,0.15,-3.34,9.84
1678880048.32,-0.05,-3.37,9.81
1678880048.33,0.03,-2.82,9.75
1678880048.34,0.14,-2.94,9.79
1678880048.35,0.18,-2.86,9.90
1678880048.36,0.00,-3.15,9.64
1678880048.37,0.23,-2.83,9.78
1678880048.38,0.21,-3.05,9.91
1678880048.39,0.26,-3.10,9.89
1678880048.40,0.10,-2.94,9.76
1678880048.41,-0.05,-2.96,9.70
1678880048.42,0.11,-2.96,9.80
1678880048.43,0.02,-2.82,9.69
1678880048.44,0.13,-3.02,9.96
1678880048.45,0.07,-2.90,9.84
1678880048.46,0.19,-3.34,9.68
1678880048.47,0.27,-3.46,9.66
1678880048.48,0.17,-3.04,9.88
1678880048.49,0.16,-2.86,9.66
1678880048.50,0.21,-3.10,9.80
1678880048.51,0.03,-3.20,9.85
1678880048.52,0.23,-3.20,9.92
1678880048.53,-0.05,-3.11,9.77
1678880048.54,0.09,-2.98,9.95
1678880048.55,0.03,-2.87,9.87
1678880048.56,0.01,-3.04,9.76
1678880048.57,0.11,-3.29,9.79
1678880048.58,0.08,-2.93,9.83
1678880048.59,0.11,-3.37,9.94
1678880048.60,0.01,0.96,9.74
1678880048.61,0.17,0.00,9.64
1678880048.62,0.12,-0.08,9.75
1678880048.63,0.15,-0.14,9.73
1678880048.64,0.06,-0.27,10.02
1678880048.65,0.03,0.15,9.82
1678880048.66,0.01,0.25,9.79
1678880048.67,0.20,-0.57,9.73
1678880048.68,-0.17,-0.03,9.83
1678880048.69,-0.09,-0.30,9.90
1678880048.70,0.02,-0.00,9.90
1678880048.71,0.09,0.39,9.79
1678880048.72,0.12,-0.11,9.80
1678880048.73,0.07,-0.05,9.78
1678880048.74,0.15,-0.21,9.87
1678880048.75,0.06,0.03,9.72
1678880048.76,0.14,-0.24,9.75
1678880048.77,0.27,-0.20,9.85
1678880048.78,0.14,0.13,9.92
1678880048.79,0.19,-0.55,9.78
1678880048.80,0.14,-0.43,9.76
1678880048.81,0.05,-0.41,9.73
1678880048.82,0.13,0.23,9.74
1678880048.83,0.16,0.11,10.01
1678880048.84,0.22,-0.44,10.03
1678880048.85,0.03,-0.32,9.73
1678880048.86,0.11,-0.31,9.72
1678880048.87,0.19,-0.36,9.81
1678880048.88,-0.13,-0.23,9.82
1678880048.89,0.09,0.26,9.98
1678880048.90,0.13,-0.00,9.95
1678880048.91,0.23,0.14,9.84
1678880048.92,-0.12,-0.46,9.81
1678880048.93,0.22,-0.54,9.84
1678880048.94,0.09,0.28,9.86
1678880048.95,0.09,-0.06,9.71
1678880048.96,0.27,0.01,9.83
1678880048.97,0.21,0.05,9.76
1678880048.98,0.20,0.11,9.86
1678880048.99,0.13,-0.59,9.78
1678880049.00,0.07,0.42,9.83
1678880049.01,0.22,-0.66,9.84
1678880049.02,-0.07,-0.30,9.76
1678880049.03,0.14,-0.14,9.58
1678880049.04,-0.01,-0.26,9.91
1678880049.05,0.16,-0.19,9.90
1678880049.06,0.33,0.45,9.74
1678880049.07,-0.12,-0.12,9.93
1678880049.08,-0.07,0.32,9.88
1678880049.09,-0.05,0.06,9.72
1678880049.10,-0.02,0.02,9.65
1678880049.11,0.18,0.52,9.85
1678880049.12,0.15,0.12,9.81
1678880049.13,0.08,0.22,9.83
1678880049.14,0.25,-0.03,9.84
1678880049.15,0.21,0.11,9.78
1678880049.16,0.12,-0.06,9.87
1678880049.17,0.21,-0.25,9.96
1678880049.18,0.16,0.13,9.85
1678880049.19,0.35,-0.40,9.96
1678880049.20,0.02,-0.01,9.71
1678880049.21,0.04,0.21,9.72
1678880049.22,-0.14,-0.28,9.60
1678880049.23,-0.14,0.14,9.74
1678880049.24,0.16,-0.04,9.77
1678880049.25,0.24,0.28,9.53
1678880049.26,0.12,-0.31,9.83
1678880049.27,0.34,0.49,9.72
1678880049.28,-0.02,-0.06,9.84
1678880049.29,0.27,-0.14,9.78
1678880049.30,0.19,0.20,9.80
1678880049.31,0.08,0.18,9.70
1678880049.32,0.26,-0.02,9.89
1678880049.33,0.14,-0.73,9.71
1678880049.34,0.07,-0.38,9.80
1678880049.35,0.32,-0.39,9.89
1678880049.36,-0.16,-0.37,9.69
1678880049.37,0.18,0.25,9.62
1678880049.38,-0.02,-0.55,9.70
1678880049.39,-0.06,-0.01,9.66
1678880049.40,0.12,-0.69,9.91
1678880049.41,0.18,0.37,9.95
1678880049.42,-0.05,-0.24,9.76
1678880049.43,0.07,-0.27,9.78
1678880049.44,0.14,-0.72,9.65
1678880049.45,0.01,0.54,9.62
1678880049.46,0.14,-0.11,9.91
1678880049.47,-0.08,0.10,9.98
1678880049.48,0.12,-0.37,9.58
1678880049.49,-0.02,0.46,9.86
1678880049.50,0.25,0.06,9.89
1678880049.51,0.24,-0.35,9.84
1678880049.52,0.23,-0.32,9.84
1678880049.53,0.17,-1.05,9.69
1678880049.54,0.12,0.47,9.74
1678880049.55,0.26,0.42,9.73
1678880049.56,0.22,-0.25,9.74
1678880049.57,-0.03,0.64,9.83
1678880049.58,0.10,0.03,9.75
1678880049.59,0.20,-0.51,9.57
1678880049.60,0.23,-0.26,9.79
1678880049.61,0.11,0.21,9.65
1678880049.62,-0.07,0.33,9.76
1678880049.63,0.08,-0.08,9.77
1678880049.64,-0.05,-0.14,9.73
1678880049.65,0.24,0.22,9.78
1678880049.66,-0.10,-0.24,9.96
1678880049.67,0.23,0.44,9.70
1678880049.68,0.14,-0.28,9.69
1678880049.69,0.33,0.49,9.94
1678880049.70,0.12,-0.35,9.89
1678880049.71,0.23,0.10,9.62
1678880049.72,0.06,0.74,9.93
1678880049.73,-0.08,0.30,9.95
1678880049.74,0.28,0.00,9.68
1678880049.75,0.09,0.29,9.76
1678880049.76,0.16,-0.00,9.91
1678880049.77,0.08,0.04,9.85
1678880049.78,0.16,0.45,9.89
1678880049.79,-0.10,0.83,9.85
1678880049.80,0.07,0.08,9.79
1678880049.81,0.06,-0.09,9.78
1678880049.82,0.10,-0.12,9.76
1678880049.83,0.14,-0.16,9.76
1678880049.84,-0.01,-0.19,9.76
1678880049.85,0.14,-0.03,9.74
1678880049.86,0.10,0.06,9.70
1678880049.87,0.10,-0.04,9.87
1678880049.88,0.07,-0.37,9.87
1678880049.89,0.19,0.34,9.70
1678880049.90,0.01,-0.18,9.77
1678880049.91,0.08,0.39,9.69
1678880049.92,0.22,-0.70,10.06
1678880049.93,-0.06,-0.74,9.72
1678880049.94,0.29,0.25,10.04
1678880049.95,0.14,-0.12,9.74
1678880049.96,0.18,-0.04,9.77
1678880049.97,0.11,0.54,9.98
1678880049.98,-0.07,0.63,9.88
1678880049.99,0.36,-0.32,9.88
1678880050.00,0.22,-0.17,9.90
1678880050.01,0.48,0.44,9.73
1678880050.02,0.16,0.10,9.76
1678880050.03,0.16,-0.58,9.90
1678880050.04,0.20,-0.04,9.69
1678880050.05,0.13,0.34,9.80
1678880050.06,0.15,0.35,9.91
1678880050.07,0.01,-0.16,9.94
1678880050.08,0.09,-0.21,9.78
1678880050.09,0.08,0.19,9.75
1678880050.10,0.31,0.17,9.74
1678880050.11,0.14,0.36,9.85
1678880050.12,0.01,-0.60,9.71
1678880050.13,0.19,0.68,9.71
1678880050.14,0.09,-0.41,9.59
1678880050.15,0.08,0.59,9.90
1678880050.16,-0.06,-0.55,9.91
1678880050.17,0.00,0.08,9.77
1678880050.18,0.15,0.40,9.87
1678880050.19,0.09,-0.55,9.76
1678880050.20,-0.09,0.03,9.75
1678880050.21,0.05,-0.59,9.89
1678880050.22,0.21,-0.31,9.95
1678880050.23,-0.06,0.23,9.95
1678880050.24,0.09,0.08,9.83
1678880050.25,0.30,0.07,9.80
1678880050.26,0.14,-0.45,9.79
1678880050.27,-0.02,-0.48,9.52
1678880050.28,-0.08,0.16,9.62
1678880050.29,0.26,0.03,9.91
1678880050.30,0.11,-0.19,9.84
1678880050.31,-0.01,0.44,9.81
1678880050.32,0.30,0.34,9.87
1678880050.33,0.25,-0.10,9.86
1678880050.34,0.28,-0.03,9.80
1678880050.35,0.08,-0.53,10.07
1678880050.36,0.27,-0.21,9.76
1678880050.37,0.14,0.46,9.87
1678880050.38,0.14,-0.05,9.73
1678880050.39,0.05,-0.31,9.88
1678880050.40,0.07,-0.06,9.67
1678880050.41,-0.01,-0.04,9.92
1678880050.42,0.02,-0.18,9.79
1678880050.43,0.09,0.40,9.99
1678880050.44,0.20,0.07,9.94
1678880050.45,0.13,-0.07,9.66
1678880050.46,-0.21,-0.25,9.68
1678880050.47,-0.01,-0.29,9.81
1678880050.48,0.27,0.53,9.72
1678880050.49,0.27,-0.49,9.80
1678880050.50,0.04,-0.23,9.69
1678880050.51,0.14,-0.62,9.86
1678880050.52,0.26,-0.28,9.72
1678880050.53,0.14,0.32,10.00
1678880050.54,0.00,0.20,9.87
1678880050.55,0.29,-0.04,9.79
1678880050.56,0.03,-0.19,9.86
1678880050.57,-0.20,0.45,9.86
1678880050.58,0.24,-0.07,9.71
1678880050.59,0.08,0.29,9.92
1678880050.60,0.22,-0.21,9.80
1678880050.61,0.03,0.15,9.73
1678880050.62,-0.02,-0.19,9.81
1678880050.63,-0.11,-0.52,9.78
1678880050.64,0.27,0.00,9.74
1678880050.65,-0.09,-0.37,9.92
1678880050.66,0.23,-0.35,9.92
1678880050.67,-0.05,-0.44,9.91
1678880050.68,0.03,0.34,9.96
1678880050.69,0.14,0.37,10.00
1678880050.70,0.19,0.52,9.86
1678880050.71,0.02,0.18,9.92
1678880050.72,-0.02,0.09,9.93
1678880050.73,0.27,-0.17,9.77
1678880050.74,0.11,0.86,9.74
1678880050.75,-0.08,0.35,9.67
1678880050.76,0.14,-0.22,9.93
1678880050.77,0.05,0.37,9.73
1678880050.78,0.20,0.22,9.80
1678880050.79,0.28,0.19,9.78
1678880050.80,0.11,-0.56,9.87
1678880050.81,0.07,0.33,9.78
1678880050.82,0.17,-0.04,9.88
1678880050.83,0.07,-0.11,9.72
1678880050.84,-0.04,-0.33,9.97
1678880050.85,0.24,0.15,9.79
1678880050.86,0.07,-0.33,9.95
1678880050.87,0.13,-0.87,9.78
1678880050.88,0.25,-0.14,9.90
1678880050.89,0.11,-0.53,9.82
1678880050.90,0.14,-0.22,9.86
1678880050.91,0.26,0.38,9.91
1678880050.92,-0.06,-0.04,9.85
1678880050.93,0.07,-0.40,9.82
1678880050.94,0.24,0.12,9.77
1678880050.95,-0.05,-0.01,9.84
1678880050.96,0.14,-0.20,9.78
1678880050.97,0.20,-0.30,9.84
1678880050.98,0.07,0.15,9.80
1678880050.99,-0.01,0.49,9.69
1678880051.00,-0.13,0.10,9.74
1678880051.01,0.09,-0.61,9.90
1678880051.02,0.39,0.25,9.79
1678880051.03,0.33,-0.16,9.67
1678880051.04,0.33,0.54,9.82
1678880051.05,0.07,-0.23,9.90
1678880051.06,-0.12,-0.57,9.91
1678880051.07,0.21,-0.12,9.82
1678880051.08,0.09,-0.18,9.73
1678880051.09,0.11,0.46,9.95
1678880051.10,-0.13,-0.12,9.78
1678880051.11,0.16,0.20,9.88
1678880051.12,0.18,-0.59,9.78
1678880051.13,0.12,-0.27,9.96
1678880051.14,-0.11,-0.03,9.71
1678880051.15,0.14,-0.06,9.87
1678880051.16,-0.01,0.01,9.72
1678880051.17,0.27,-0.21,9.70
1678880051.18,0.01,0.39,9.98
1678880051.19,0.05,-0.23,9.95
1678880051.20,0.04,-0.14,9.98
1678880051.21,0.32,0.78,9.67
1678880051.22,0.15,-0.34,9.78
1678880051.23,0.16,0.43,9.64
1678880051.24,0.31,0.17,9.76
1678880051.25,0.16,-0.15,9.75
1678880051.26,0.16,-0.05,9.96
1678880051.27,-0.07,0.29,9.65
1678880051.28,0.13,-0.10,9.90
1678880051.29,0.10,0.23,9.82
1678880051.30,-0.00,-0.33,9.83
1678880051.31,0.15,-0.22,9.99
1678880051.32,-0.02,-0.05,9.53
1678880051.33,-0.10,-0.41,9.82
1678880051.34,0.32,-0.86,9.83
1678880051.35,0.23,-0.25,9.73
1678880051.36,0.26,-0.16,9.82
1678880051.37,0.11,-0.28,9.90
1678880051.38,0.09,-0.21,9.76
1678880051.39,0.16,0.41,9.78
1678880051.40,0.13,-0.20,9.63
1678880051.41,0.04,-0.02,9.75
1678880051.42,0.17,0.09,9.93
1678880051.43,0.28,0.30,9.81
1678880051.44,0.20,0.19,9.85
1678880051.45,0.10,0.01,9.89
1678880051.46,0.20,0.47,9.79
1678880051.47,0.11,0.20,9.91
1678880051.48,0.05,-0.02,9.64
1678880051.49,0.16,0.32,9.74
1678880051.50,0.01,0.52,9.72
1678880051.51,0.23,-0.34,9.82
1678880051.52,0.29,-0.63,9.75
1678880051.53,0.25,-0.60,9.80
1678880051.54,0.04,-0.34,9.91
1678880051.55,0.01,-0.04,9.71
1678880051.56,0.03,-0.07,9.76
1678880051.57,0.12,-0.12,9.82
1678880051.58,0.07,-0.21,9.85
1678880051.59,-0.09,0.46,9.74
1678880051.60,0.39,-0.18,9.89
1678880051.61,0.05,0.21,9.93
1678880051.62,-0.05,-0.20,9.80
1678880051.63,-0.15,0.55,9.77
1678880051.64,0.15,-0.49,9.69
1678880051.65,0.01,0.04,9.94
1678880051.66,0.11,0.21,9.72
1678880051.67,-0.05,0.02,9.94
1678880051.68,0.16,-0.15,9.73
1678880051.69,0.06,-0.35,9.87
1678880051.70,-0.02,-0.45,9.86
1678880051.71,0.04,0.10,9.73
1678880051.72,0.25,-0.16,9.80
1678880051.73,0.19,0.23,9.65
1678880051.74,-0.05,-0.36,9.86
1678880051.75,0.22,0.31,9.63
1678880051.76,0.03,0.08,9.83
1678880051.77,0.14,0.25,9.84
1678880051.78,0.21,-0.23,9.69
1678880051.79,0.08,0.31,9.89
1678880051.80,0.18,-0.19,9.70
1678880051.81,0.03,0.22,9.77
1678880051.82,0.23,0.52,9.81
1678880051.83,0.05,0.09,9.71
1678880051.84,0.16,-0.68,9.75
1678880051.85,0.08,0.20,9.76
1678880051.86,-0.05,-0.16,10.00
1678880051.87,0.01,-0.41,9.80
1678880051.88,-0.00,-0.14,9.85
1678880051.89,0.29,-0.09,9.72
1678880051.90,0.02,-0.02,9.74
1678880051.91,0.01,0.62,9.88
1678880051.92,0.10,-1.21,9.82
1678880051.93,0.02,-0.05,9.89
1678880051.94,0.25,-0.24,9.89
1678880051.95,-0.12,-0.15,9.79
1678880051.96,0.31,0.27,9.85
1678880051.97,0.17,-0.10,9.60
1678880051.98,0.12,-0.06,9.89
1678880051.99,0.23,0.10,9.65
1678880052.00,0.01,-0.17,9.89
1678880052.01,0.12,-0.50,9.83
1678880052.02,0.09,-0.23,9.76
1678880052.03,0.05,0.36,9.81
1678880052.04,0.02,0.04,9.77
1678880052.05,0.07,0.19,9.80
1678880052.06,0.17,0.06,9.85
1678880052.07,0.17,0.39,9.91
1678880052.08,0.06,-0.37,9.67
1678880052.09,0.14,0.45,9.86
1678880052.10,0.10,-0.15,9.89
1678880052.11,0.18,0.15,9.86
1678880052.12,0.24,0.39,9.66
1678880052.13,0.16,-0.42,9.62
1678880052.14,0.12,-0.81,9.85
1678880052.15,0.26,-0.01,9.78
1678880052.16,-0.01,-0.16,9.75
1678880052.17,0.23,-0.21,9.72
1678880052.18,0.26,-0.45,9.82
1678880052.19,0.04,0.03,9.73
1678880052.20,0.18,0.17,9.85
1678880052.21,-0.08,-0.14,9.77
1678880052.22,0.09,0.04,9.67
1678880052.23,-0.19,0.17,9.88
1678880052.24,0.26,0.48,9.68
1678880052.25,-0.00,-0.61,10.00
1678880052.26,0.06,-0.66,9.96
1678880052.27,0.18,-0.36,9.66
1678880052.28,0.14,0.51,9.77
1678880052.29,0.06,-0.14,9.70
1678880052.30,0.15,0.02,9.86
1678880052.31,0.09,-0.06,9.91
1678880052.32,0.03,0.24,9.75
1678880052.33,0.18,0.21,9.78
1678880052.34,0.38,0.14,9.94
1678880052.35,-0.03,1.05,9.86
1678880052.36,0.21,-0.16,9.77
1678880052.37,0.15,0.05,9.93
1678880052.38,0.25,0.18,9.96
1678880052.39,0.17,0.36,9.79
1678880052.40,0.12,-0.06,9.82
1678880052.41,0.16,-0.10,9.95
1678880052.42,0.19,-0.19,9.80
1678880052.43,0.34,0.25,9.68
1678880052.44,0.05,-0.19,9.79
1678880052.45,0.00,0.00,9.86
1678880052.46,-0.10,-0.51,9.71
1678880052.47,0.18,0.43,9.74
1678880052.48,-0.07,0.54,9.80
1678880052.49,0.14,-0.49,9.86
1678880052.50,0.22,-0.00,9.76
1678880052.51,0.13,0.01,9.92
1678880052.52,0.28,0.41,9.81
1678880052.53,0.23,0.34,9.89
1678880052.54,0.13,-0.62,9.78
1678880052.55,0.10,0.76,9.85
1678880052.56,0.14,-0.43,9.89
1678880052.57,0.17,0.01,9.77
1678880052.58,0.18,0.36,9.69
1678880052.59,0.06,0.20,9.67
1678880052.60,0.04,0.06,9.97
1678880052.61,0.14,0.54,9.78
1678880052.62,0.02,0.05,9.92
1678880052.63,0.13,0.01,9.92
1678880052.64,0.11,0.14,10.00
1678880052.65,0.17,-0.28,9.90
1678880052.66,0.08,0.29,9.83
1678880052.67,0.03,-0.02,9.79
1678880052.68,0.03,-0.09,9.69
1678880052.69,0.07,-0.23,9.89
1678880052.70,0.02,0.11,9.86
1678880052.71,0.11,0.23,9.81
1678880052.72,-0.02,-0.62,9.84
1678880052.73,0.22,0.35,9.61
1678880052.74,0.01,0.10,9.72
1678880052.75,0.15,0.06,9.77
1678880052.76,-0.03,-0.22,9.89
1678880052.77,-0.06,-0.09,9.81
1678880052.78,0.22,-0.04,9.73
1678880052.79,0.15,-0.23,9.93
1678880052.80,0.11,-0.62,9.94
1678880052.81,0.15,-0.09,9.77
1678880052.82,0.10,0.07,9.74
1678880052.83,-0.03,-0.80,9.75
1678880052.84,0.27,0.23,9.82
1678880052.85,-0.14,-0.19,9.75
1678880052.86,0.19,0.01,9.85
1678880052.87,0.10,0.02,9.78
1678880052.88,-0.01,-0.26,9.84
1678880052.89,0.01,0.31,9.65
1678880052.90,0.21,-0.15,9.57
1678880052.91,-0.12,-0.33,9.70
1678880052.92,0.15,0.44,9.74
1678880052.93,-0.10,-0.33,9.90
1678880052.94,0.07,0.35,9.78
1678880052.95,0.14,0.06,9.89
1678880052.96,0.23,0.12,9.80
1678880052.97,0.19,0.14,9.89
1678880052.98,0.18,0.52,9.96
1678880052.99,0.06,-0.38,9.74
1678880053.00,0.44,-0.61,9.79
1678880053.01,0.11,-0.18,9.60
1678880053.02,0.16,0.32,9.96
1678880053.03,0.09,0.39,9.83
1678880053.04,-0.12,-0.06,9.75
1678880053.05,0.08,0.10,9.83
1678880053.06,0.20,0.43,9.99
1678880053.07,0.14,-0.11,9.78
1678880053.08,0.36,-0.35,9.98
1678880053.09,0.03,0.05,9.96
1678880053.10,0.10,-0.46,9.64
1678880053.11,-0.04,0.07,9.70
1678880053.12,0.14,0.14,10.06
1678880053.13,0.05,-0.05,9.69
1678880053.14,-0.12,-0.64,9.92
1678880053.15,0.04,0.27,9.63
1678880053.16,0.37,-0.15,9.88
1678880053.17,0.04,0.38,9.94
1678880053.18,-0.14,0.22,9.74
1678880053.19,0.21,0.41,9.75
1678880053.20,-0.03,0.15,9.80
1678880053.21,0.11,0.30,9.97
1678880053.22,0.10,0.11,9.70
1678880053.23,0.12,0.56,9.92
1678880053.24,0.16,-0.29,9.93
1678880053.25,0.18,0.42,9.89
1678880053.26,0.16,0.10,9.93
1678880053.27,-0.01,-0.52,9.71
1678880053.28,-0.00,-0.22,9.86
1678880053.29,0.06,-0.05,9.71
1678880053.30,0.27,-0.18,9.90
1678880053.31,-0.04,0.10,9.82
1678880053.32,-0.02,0.44,9.80
1678880053.33,0.31,0.09,9.71
1678880053.34,0.08,0.08,9.93
1678880053.35,-0.00,0.13,9.88
1678880053.36,0.24,-0.33,9.73
1678880053.37,0.06,-0.12,9.84
1678880053.38,0.24,-0.19,9.90
1678880053.39,-0.04,-0.14,9.76
1678880053.40,-0.06,-0.56,9.95
1678880053.41,0.02,-0.10,9.94
1678880053.42,0.03,0.18,9.80
1678880053.43,0.26,0.38,9.83
1678880053.44,0.08,0.12,9.94
1678880053.45,0.11,0.16,9.84
1678880053.46,0.21,-0.04,9.82
1678880053.47,-0.12,-0.36,9.88
1678880053.48,0.20,0.29,9.65
1678880053.49,0.01,0.08,9.93
1678880053.50,-0.04,-0.08,9.65
1678880053.51,-0.06,0.18,9.87
1678880053.52,-0.26,0.14,9.81
1678880053.53,-0.03,-0.33,9.76
1678880053.54,0.07,-0.09,9.79
1678880053.55,0.18,0.22,9.69
1678880053.56,0.11,-0.56,9.70
1678880053.57,0.26,-0.52,9.70
1678880053.58,0.34,-0.01,9.80
1678880053.59,0.04,0.13,9.97
1678880053.60,0.19,-0.20,9.84
1678880053.61,0.10,-0.01,9.94
1678880053.62,0.19,0.18,9.82
1678880053.63,0.08,0.39,10.00
1678880053.64,0.08,0.29,9.84
1678880053.65,0.15,0.25,9.86
1678880053.66,0.18,0.05,9.80
1678880053.67,0.13,-0.32,9.77
1678880053.68,0.29,0.23,9.59
1678880053.69,0.13,-0.01,9.64
1678880053.70,0.16,0.19,9.65
1678880053.71,0.05,-0.30,9.72
1678880053.72,0.29,-0.15,9.88
1678880053.73,0.00,-0.15,9.80
1678880053.74,0.18,0.13,9.48
1678880053.75,0.06,0.16,9.62
1678880053.76,-0.09,-0.55,9.64
1678880053.77,-0.11,-0.46,9.77
1678880053.78,-0.11,-0.15,9.81
1678880053.79,0.43,-0.39,9.89
1678880053.80,-0.16,0.30,9.75
1678880053.81,0.17,0.12,9.78
1678880053.82,0.05,0.23,9.75
1678880053.83,0.26,0.37,9.90
1678880053.84,0.07,-0.52,9.95
1678880053.85,0.17,-0.33,9.82
1678880053.86,0.06,-0.32,9.78
1678880053.87,-0.00,0.13,9.83
1678880053.88,0.08,-0.11,9.87
1678880053.89,-0.03,0.08,9.63
1678880053.90,0.13,0.29,9.68
1678880053.91,0.20,0.30,9.90
1678880053.92,0.09,0.34,9.92
1678880053.93,0.15,0.45,9.85
1678880053.94,0.04,-0.24,9.89
1678880053.95,0.21,-0.19,9.78
1678880053.96,0.07,0.33,9.67
1678880053.97,0.27,0.13,9.65
1678880053.98,-0.02,-0.13,9.78
1678880053.99,0.10,0.07,9.73
1678880054.00,0.31,0.06,9.77
1678880054.01,0.22,-0.39,9.94
1678880054.02,-0.04,0.62,9.65
1678880054.03,0.01,-0.11,9.89
1678880054.04,0.14,0.60,9.82
1678880054.05,0.07,0.47,9.95
1678880054.06,-0.05,0.46,9.93
1678880054.07,-0.05,0.14,9.76
1678880054.08,-0.06,0.27,9.90
1678880054.09,0.14,-0.24,9.93
1678880054.10,0.11,0.12,9.76
1678880054.11,-0.07,0.12,9.86
1678880054.12,0.15,0.26,9.98
1678880054.13,0.05,-0.65,9.90
1678880054.14,0.05,-0.37,9.67
1678880054.15,0.22,-0.26,9.75
1678880054.16,0.16,0.13,9.80
1678880054.17,0.05,-0.65,10.00
1678880054.18,-0.20,-0.02,9.69
1678880054.19,0.07,-0.09,9.83
1678880054.20,0.12,-0.97,9.92
1678880054.21,0.11,-0.35,9.80
1678880054.22,0.01,-1.05,9.95
1678880054.23,0.28,0.22,9.93
1678880054.24,0.22,-0.14,9.81
1678880054.25,0.08,0.12,9.71
1678880054.26,0.22,-0.01,9.81
1678880054.27,0.17,0.05,9.77
1678880054.28,0.07,-0.78,9.93
1678880054.29,0.15,0.08,9.98
1678880054.30,0.01,0.03,9.73
1678880054.31,0.23,-0.44,9.92
1678880054.32,0.25,0.13,9.95
1678880054.33,0.07,-0.19,9.87
1678880054.34,-0.00,-0.03,9.90
1678880054.35,0.21,0.00,9.69
1678880054.36,0.18,-0.23,9.81
1678880054.37,-0.19,0.50,9.85
1678880054.38,0.01,0.13,9.71
1678880054.39,0.23,-0.10,9.86
1678880054.40,0.18,0.68,9.99
1678880054.41,0.29,0.31,9.94
1678880054.42,-0.09,0.19,9.69
1678880054.43,-0.03,0.52,9.79
1678880054.44,-0.06,-0.44,9.90
1678880054.45,0.17,0.09,9.64
1678880054.46,0.10,0.29,9.71
1678880054.47,-0.05,-0.09,9.81
1678880054.48,0.20,-0.33,9.77
1678880054.49,0.15,0.36,9.86
1678880054.50,0.06,-0.50,9.99
1678880054.51,0.19,-0.27,9.75
1678880054.52,0.10,0.10,9.74
1678880054.53,0.25,0.47,9.84
1678880054.54,0.12,-0.24,9.79
1678880054.55,-0.04,0.30,9.92
1678880054.56,0.13,0.67,9.82
1678880054.57,0.09,0.44,9.65
1678880054.58,0.15,-0.56,9.65
1678880054.59,0.08,-0.32,9.88
1678880054.60,0.04,0.74,9.86
1678880054.61,0.01,0.13,9.88
1678880054.62,0.36,-0.44,9.80
1678880054.63,0.23,0.11,9.75
1678880054.64,-0.01,-0.07,9.93
1678880054.65,0.17,0.11,9.96
1678880054.66,0.08,-0.02,9.74
1678880054.67,-0.09,0.16,9.67
1678880054.68,0.11,0.47,9.88
1678880054.69,0.21,-0.51,9.81
1678880054.70,0.24,-0.41,9.85
1678880054.71,-0.05,-0.42,9.87
1678880054.72,0.03,-0.02,9.93
1678880054.73,-0.02,1.03,9.93
1678880054.74,0.04,0.42,9.89
1678880054.75,0.20,-0.06,9.92
1678880054.76,0.18,0.26,9.85
1678880054.77,0.11,-0.06,9.68
1678880054.78,0.10,-0.34,9.81
1678880054.79,0.19,0.55,9.70
1678880054.80,0.00,-0.38,9.85
1678880054.81,0.18,-0.15,9.79
1678880054.82,0.44,-0.15,9.75
1678880054.83,-0.02,-0.50,9.93
1678880054.84,0.25,-0.16,9.93
1678880054.85,0.08,-0.11,9.81
1678880054.86,-0.14,-0.37,9.84
1678880054.87,0.15,0.02,9.79
1678880054.88,0.13,0.73,9.96
1678880054.89,0.12,-0.28,9.88
1678880054.90,0.30,0.51,9.67
1678880054.91,0.09,-0.21,9.70
1678880054.92,0.14,-0.38,9.80
1678880054.93,0.11,0.25,9.85
1678880054.94,-0.05,0.45,9.76
1678880054.95,0.36,0.04,9.94
1678880054.96,0.26,-0.22,9.78
1678880054.97,0.06,-0.11,9.81
1678880054.98,-0.02,0.04,9.81
1678880054.99,-0.14,-0.15,9.76
1678880055.00,0.01,0.65,9.65
1678880055.01,-0.02,0.02,9.78
1678880055.02,0.17,0.57,10.00
1678880055.03,0.12,-0.18,9.85
1678880055.04,-0.05,0.47,10.04
1678880055.05,-0.00,-0.32,9.75
1678880055.06,0.12,0.03,9.77
1678880055.07,-0.02,0.51,9.78
1678880055.08,0.05,0.07,9.95
1678880055.09,0.11,0.26,9.77
1678880055.10,0.14,0.08,9.98
1678880055.11,-0.22,0.04,9.89
1678880055.12,0.15,-0.41,9.92
1678880055.13,0.20,0.41,9.75
1678880055.14,0.12,-0.39,9.79
1678880055.15,0.10,0.09,9.64
1678880055.16,-0.04,0.19,9.79
1678880055.17,0.16,-0.44,9.78
1678880055.18,0.05,-0.14,9.67
1678880055.19,-0.03,-0.43,9.79
1678880055.20,-0.04,-0.15,9.78
1678880055.21,0.05,-0.52,9.78
1678880055.22,-0.03,-0.47,9.83
1678880055.23,0.11,0.12,9.71
1678880055.24,-0.05,0.51,9.62
1678880055.25,-0.01,0.47,9.83
1678880055.26,0.30,0.60,9.95
1678880055.27,0.28,0.03,9.72
1678880055.28,0.20,-0.40,9.64
1678880055.29,-0.01,0.02,9.83
1678880055.30,0.25,-0.06,10.05
1678880055.31,0.11,0.27,9.75
1678880055.32,0.13,0.10,9.72
1678880055.33,0.13,-0.35,10.04
1678880055.34,-0.03,0.09,9.77
1678880055.35,-0.07,0.19,9.87
1678880055.36,-0.07,-0.37,9.93
1678880055.37,0.20,0.23,9.70
1678880055.38,0.07,0.47,9.61
1678880055.39,-0.06,-0.20,9.83
1678880055.40,0.28,0.65,9.74
1678880055.41,0.24,-0.61,9.87
1678880055.42,0.30,-0.52,9.80
1678880055.43,0.29,-0.02,9.86
1678880055.44,0.15,-0.29,9.78
1678880055.45,0.23,0.16,9.73
1678880055.46,0.11,-0.18,9.84
1678880055.47,0.05,0.19,9.73
1678880055.48,0.19,-0.48,9.97
1678880055.49,0.12,0.33,9.85
1678880055.50,0.33,-0.34,9.60
1678880055.51,0.26,-0.23,9.83
1678880055.52,0.25,0.51,9.75
1678880055.53,0.11,0.23,9.92
1678880055.54,0.01,0.49,9.81
1678880055.55,0.09,0.36,9.87
1678880055.56,0.31,-0.22,9.87
1678880055.57,0.27,-0.05,9.74
1678880055.58,0.18,0.28,9.63
1678880055.59,0.28,0.55,9.73
1678880055.60,0.00,0.29,9.90
1678880055.61,0.14,-0.50,9.75
1678880055.62,0.15,-0.05,9.57
1678880055.63,-0.05,-0.52,9.69
1678880055.64,0.14,-0.11,9.83
1678880055.65,0.05,0.06,9.85
1678880055.66,0.24,-0.40,9.84
1678880055.67,0.32,0.03,9.78
1678880055.68,0.03,-0.10,9.85
1678880055.69,0.11,-0.28,9.85
1678880055.70,0.40,0.08,9.80
1678880055.71,0.29,0.15,9.81
1678880055.72,-0.11,-0.02,9.73
1678880055.73,0.06,-0.17,9.99
1678880055.74,0.20,0.35,9.68
1678880055.75,0.13,-0.63,9.72
1678880055.76,0.05,0.10,9.80
1678880055.77,0.40,0.04,9.71
1678880055.78,0.07,-0.88,9.84
1678880055.79,-0.04,0.25,9.90
1678880055.80,0.17,-0.60,10.00
1678880055.81,0.23,-0.02,9.77
1678880055.82,0.10,0.11,9.73
1678880055.83,0.22,-0.19,9.76
1678880055.84,0.15,0.36,9.73
1678880055.85,0.41,0.12,9.65
1678880055.86,-0.04,0.16,9.86
1678880055.87,0.04,0.14,9.77
1678880055.88,-0.02,-0.07,9.79
1678880055.89,0.25,0.36,9.84
1678880055.90,0.15,0.41,10.15
1678880055.91,0.07,0.63,9.66
1678880055.92,-0.05,-0.01,9.90
1678880055.93,0.08,0.11,10.03
1678880055.94,0.15,-0.47,9.87
1678880055.95,0.00,0.07,9.83
1678880055.96,0.03,0.33,9.73
1678880055.97,0.13,0.31,9.84
1678880055.98,0.02,-0.22,9.74
1678880055.99,0.19,0.06,9.87
1678880056.00,0.17,-0.42,9.72
1678880056.01,0.07,0.02,9.76
1678880056.02,-0.09,0.02,9.79
1678880056.03,-0.08,-0.59,9.69
1678880056.04,0.14,0.09,9.95
1678880056.05,0.22,0.15,9.79
1678880056.06,0.12,-0.01,9.77
1678880056.07,0.19,0.50,9.76
1678880056.08,0.28,0.18,9.82
1678880056.09,0.12,-0.07,9.72
1678880056.10,0.12,0.64,9.95
1678880056.11,0.02,0.19,9.84
1678880056.12,0.15,0.00,9.88
1678880056.13,0.20,-0.24,9.97
1678880056.14,-0.12,-0.29,9.86
1678880056.15,0.13,-0.56,9.90
1678880056.16,0.14,-0.07,9.86
1678880056.17,0.15,-0.04,9.75
1678880056.18,0.33,-0.63,9.72
1678880056.19,-0.05,-0.03,9.95
1678880056.20,0.08,-0.06,9.76
1678880056.21,0.39,-0.59,9.82
1678880056.22,0.03,-0.65,9.69
1678880056.23,0.13,0.50,9.74
1678880056.24,0.00,-0.18,9.88
1678880056.25,0.12,0.00,9.77
1678880056.26,0.22,0.02,9.94
1678880056.27,0.06,0.59,9.78
1678880056.28,0.28,0.04,9.80
1678880056.29,0.10,-0.48,10.00
1678880056.30,0.19,-0.26,9.66
1678880056.31,0.09,0.01,9.77
1678880056.32,-0.06,-0.13,10.02
1678880056.33,-0.06,0.32,9.80
1678880056.34,-0.09,-0.49,9.90
1678880056.35,0.07,0.02,9.74
1678880056.36,-0.01,0.32,9.87
1678880056.37,0.19,0.11,9.83
1678880056.38,0.25,-0.10,9.68
1678880056.39,0.02,-0.30,9.87
1678880056.40,0.29,-0.34,9.93
1678880056.41,0.15,-0.08,9.70
1678880056.42,0.28,0.15,9.82
1678880056.43,0.24,-0.06,9.96
1678880056.44,0.04,-0.86,9.74
1678880056.45,-0.03,-0.11,9.94
1678880056.46,0.21,-0.08,9.81
1678880056.47,0.11,-0.34,9.82
1678880056.48,0.14,-0.17,9.78
1678880056.49,0.17,-0.44,9.67
1678880056.50,0.17,0.11,9.75
1678880056.51,0.16,0.18,9.77
1678880056.52,0.22,0.27,9.82
1678880056.53,0.14,0.33,10.03
1678880056.54,0.08,-0.19,9.83
1678880056.55,0.00,0.08,9.78
1678880056.56,0.10,-0.09,10.02
1678880056.57,0.16,-0.46,9.88
1678880056.58,0.09,0.03,9.82
1678880056.59,-0.05,0.36,9.75
1678880056.60,0.10,0.20,9.85
1678880056.61,0.07,-0.19,9.85
1678880056.62,0.28,0.61,9.78
1678880056.63,0.28,0.77,9.75
1678880056.64,-0.09,0.16,9.94
1678880056.65,0.10,0.38,9.80
1678880056.66,0.25,-0.54,9.92
1678880056.67,0.18,-0.31,9.75
1678880056.68,0.12,0.09,9.88
1678880056.69,0.07,-0.34,9.63
1678880056.70,0.17,-0.70,9.87
1678880056.71,0.19,-0.14,9.80
1678880056.72,-0.03,0.09,9.94
1678880056.73,0.12,0.38,9.81
1678880056.74,0.19,0.17,9.89
1678880056.75,0.26,-0.21,9.79
1678880056.76,-0.17,0.37,9.95
1678880056.77,0.22,-0.03,9.75
1678880056.78,-0.06,0.61,9.84
1678880056.79,-0.04,0.47,9.72
1678880056.80,0.04,-0.42,9.65
1678880056.81,0.18,-0.24,9.81
1678880056.82,-0.00,0.32,9.93
1678880056.83,0.18,-0.22,9.96
1678880056.84,0.05,-0.37,9.80
1678880056.85,0.05,-0.10,9.80
1678880056.86,0.46,0.34,9.77
1678880056.87,0.17,-0.62,9.77
1678880056.88,0.03,-0.15,9.72
1678880056.89,0.07,0.39,9.77
1678880056.90,-0.12,-0.37,9.84
1678880056.91,0.01,0.29,9.79
1678880056.92,0.15,0.05,9.75
1678880056.93,0.09,0.01,9.75
1678880056.94,0.24,0.15,9.72
1678880056.95,0.00,-0.47,9.67
1678880056.96,0.12,0.51,9.85
1678880056.97,0.18,-0.07,9.92
1678880056.98,0.09,0.24,9.92
1678880056.99,0.25,-0.17,9.80
1678880057.00,-0.16,0.41,9.72
1678880057.01,0.23,0.02,9.82
1678880057.02,0.22,0.35,9.84
1678880057.03,0.10,0.03,9.84
1678880057.04,0.27,-0.21,9.82
1678880057.05,0.16,-0.08,9.70
1678880057.06,0.14,-0.15,9.86
1678880057.07,0.04,-0.02,9.78
1678880057.08,0.11,-0.18,9.89
1678880057.09,0.16,0.26,9.83
1678880057.10,0.16,0.50,9.85
1678880057.11,0.00,0.07,9.74
1678880057.12,0.16,-0.34,9.68
1678880057.13,0.30,0.36,9.88
1678880057.14,0.13,0.10,9.87
1678880057.15,0.11,-0.30,9.75
1678880057.16,0.24,-0.36,9.80
1678880057.17,-0.03,-0.35,9.90
1678880057.18,0.15,-0.16,9.81
1678880057.19,-0.05,0.45,9.93
1678880057.20,0.08,0.67,9.80
1678880057.21,-0.12,0.32,9.85
1678880057.22,0.18,0.39,9.83
1678880057.23,0.02,0.30,9.89
1678880057.24,-0.01,-0.00,9.72
1678880057.25,0.06,0.36,9.65
1678880057.26,0.21,-0.21,9.81
1678880057.27,-0.15,-0.40,9.91
1678880057.28,0.15,-0.06,9.71
1678880057.29,0.09,-0.19,9.87
1678880057.30,0.05,0.58,9.81
1678880057.31,0.28,-0.35,9.85
1678880057.32,0.28,-0.07,9.76
1678880057.33,0.05,0.06,9.91
1678880057.34,0.27,0.03,9.73
1678880057.35,0.19,0.15,9.85
1678880057.36,0.26,0.54,9.87
1678880057.37,0.17,0.15,9.87
1678880057.38,0.04,0.10,9.85
1678880057.39,0.00,-0.30,9.68
1678880057.40,0.09,0.20,9.73
1678880057.41,-0.11,-0.57,9.62
1678880057.42,-0.04,-0.09,10.05
1678880057.43,0.07,-0.42,9.70
1678880057.44,0.16,-0.08,9.82
1678880057.45,0.20,0.06,9.77
1678880057.46,-0.05,-0.31,9.80
1678880057.47,0.18,-0.14,9.87
1678880057.48,0.31,0.68,10.05
1678880057.49,0.08,0.22,9.80
1678880057.50,0.07,0.09,9.74
1678880057.51,0.08,-0.02,9.88
1678880057.52,0.19,-0.58,9.81
1678880057.53,0.15,0.34,9.64
1678880057.54,-0.02,-0.06,9.70
1678880057.55,0.24,-0.27,9.89
1678880057.56,0.06,-0.77,9.74
1678880057.57,0.06,-0.19,9.91
1678880057.58,-0.12,-0.39,9.83
1678880057.59,0.01,0.10,9.60
1678880057.60,-0.09,-0.64,9.76
1678880057.61,0.17,-0.27,9.89
1678880057.62,0.17,-0.27,9.93
1678880057.63,0.03,-0.90,9.81
1678880057.64,0.18,0.09,9.80
1678880057.65,0.15,-0.19,9.89
1678880057.66,-0.16,-0.17,9.61
1678880057.67,-0.02,0.72,9.72
1678880057.68,0.08,0.14,9.72
1678880057.69,0.27,-0.25,9.76
1678880057.70,0.25,-0.17,9.66
1678880057.71,0.24,0.29,9.99
1678880057.72,0.11,0.38,9.86
1678880057.73,0.09,-0.38,9.93
1678880057.74,0.19,-0.02,9.64
1678880057.75,0.28,-0.27,10.15
1678880057.76,0.27,-0.15,9.74
1678880057.77,0.05,0.67,9.67
1678880057.78,0.14,-0.27,9.77
1678880057.79,0.19,-0.02,9.78
1678880057.80,0.02,-0.10,9.82
1678880057.81,0.01,0.51,9.77
1678880057.82,0.25,0.05,9.79
1678880057.83,0.04,0.60,9.74
1678880057.84,0.16,-0.09,9.88
1678880057.85,0.18,-0.15,9.80
1678880057.86,0.19,-0.12,9.86
1678880057.87,0.19,0.28,9.79
1678880057.88,0.20,-0.23,9.96
1678880057.89,-0.02,-0.04,10.00
1678880057.90,-0.01,-0.43,9.92
1678880057.91,0.14,-0.13,9.76
1678880057.92,-0.03,-0.52,9.93
1678880057.93,0.12,0.21,9.61
1678880057.94,0.14,-0.22,9.71
1678880057.95,0.14,-0.31,9.76
1678880057.96,0.07,0.20,9.76
1678880057.97,0.11,0.43,9.73
1678880057.98,0.29,0.17,9.75
1678880057.99,-0.11,0.32,9.60
1678880058.00,0.35,0.31,9.71
1678880058.01,0.23,-0.06,9.78
1678880058.02,0.17,0.03,9.85
1678880058.03,0.04,0.21,9.87
1678880058.04,0.02,0.47,9.86
1678880058.05,0.08,0.29,9.82
1678880058.06,0.28,-0.11,9.97
1678880058.07,0.29,0.04,9.69
1678880058.08,0.06,-0.11,10.03
1678880058.09,0.09,0.07,9.87
1678880058.10,0.02,-0.23,9.91
1678880058.11,0.27,0.25,9.95
1678880058.12,0.04,-0.13,9.78
1678880058.13,-0.13,0.07,9.72
1678880058.14,0.04,-0.89,9.68
1678880058.15,0.30,-0.13,9.75
1678880058.16,0.11,0.21,9.70
1678880058.17,-0.06,-0.51,9.86
1678880058.18,0.15,0.40,9.81
1678880058.19,0.10,-0.26,9.90
1678880058.20,0.01,-0.70,9.90
1678880058.21,-0.08,0.04,9.88
1678880058.22,-0.03,0.18,9.92
1678880058.23,0.08,0.09,9.83
1678880058.24,0.14,-0.02,9.86
1678880058.25,0.25,0.04,9.76
1678880058.26,0.03,-0.01,9.87
1678880058.27,0.01,0.33,9.88
1678880058.28,0.13,0.13,9.66
1678880058.29,-0.13,0.25,9.80
1678880058.30,0.28,-0.12,9.77
1678880058.31,0.04,0.59,9.92
1678880058.32,-0.02,-0.58,9.67
1678880058.33,0.18,-0.05,10.01
1678880058.34,0.13,-0.39,9.73
1678880058.35,0.28,0.16,9.86
1678880058.36,0.18,-0.05,9.79
1678880058.37,0.04,0.75,9.74
1678880058.38,-0.07,-0.03,9.81
1678880058.39,0.00,0.32,9.81
1678880058.40,0.34,-0.04,9.66
1678880058.41,0.02,-0.27,9.68
1678880058.42,0.15,-0.17,9.91
1678880058.43,0.07,-0.46,9.94
1678880058.44,-0.18,-0.74,9.85
1678880058.45,0.27,0.21,9.77
1678880058.46,0.27,-0.37,9.63
1678880058.47,0.13,0.46,9.87
1678880058.48,0.01,-0.05,9.76
1678880058.49,-0.03,0.20,9.85
1678880058.50,-0.00,0.03,9.96
1678880058.51,-0.13,0.07,9.67
1678880058.52,0.09,0.05,9.77
1678880058.53,0.03,-0.27,9.88
1678880058.54,0.30,0.22,9.77
1678880058.55,0.03,0.19,9.71
1678880058.56,0.07,0.09,9.79
1678880058.57,-0.11,0.29,9.83
1678880058.58,-0.10,-0.26,9.95
1678880058.59,0.03,-0.25,9.89
1678880058.60,0.09,-0.13,9.61
1678880058.61,-0.01,-0.20,9.90
1678880058.62,0.38,0.09,9.94
1678880058.63,0.20,-0.20,9.77
1678880058.64,0.03,0.40,9.77
1678880058.65,0.16,-0.01,9.81
1678880058.66,0.16,0.20,9.76
1678880058.67,0.13,0.49,9.82
1678880058.68,0.07,-0.13,9.80
1678880058.69,0.05,-0.29,10.03
1678880058.70,-0.08,-0.25,9.59
1678880058.71,0.22,-0.35,9.88
1678880058.72,0.03,-0.29,9.70
1678880058.73,0.04,0.05,9.87
1678880058.74,-0.04,0.02,9.93
1678880058.75,0.18,0.02,9.76
1678880058.76,-0.00,-0.43,10.06
1678880058.77,0.15,-0.30,9.57
1678880058.78,-0.03,-0.09,9.72
1678880058.79,0.07,0.44,9.61
1678880058.80,0.27,-0.19,9.94
1678880058.81,-0.01,-0.06,9.86
1678880058.82,0.27,0.33,9.78
1678880058.83,0.17,0.50,9.77
1678880058.84,0.14,-0.49,9.83
1678880058.85,0.16,0.17,9.82
1678880058.86,0.31,0.28,9.83
1678880058.87,-0.04,-0.80,10.03
1678880058.88,-0.02,-0.15,9.91
1678880058.89,0.04,-0.00,9.81
1678880058.90,-0.04,0.21,9.74
1678880058.91,0.16,-0.19,9.72
1678880058.92,-0.03,0.27,9.62
1678880058.93,-0.05,0.11,9.78
1678880058.94,0.15,-0.32,9.72
1678880058.95,0.25,0.68,9.85
1678880058.96,0.22,0.07,9.72
1678880058.97,0.25,-0.10,9.82
1678880058.98,0.08,-0.95,9.68
1678880058.99,0.03,0.37,9.79
1678880059.00,0.23,0.32,9.78
1678880059.01,0.05,-0.08,9.74
1678880059.02,0.15,0.52,9.68
1678880059.03,-0.01,0.14,9.89
1678880059.04,0.14,0.18,9.75
1678880059.05,0.14,-0.32,10.09
1678880059.06,0.20,-0.38,9.93
1678880059.07,0.02,-0.42,9.76
1678880059.08,0.04,0.30,9.90
1678880059.09,0.04,-0.27,9.84
1678880059.10,0.05,0.24,9.99
1678880059.11,-0.06,-0.01,9.72
1678880059.12,0.10,0.14,9.92
1678880059.13,0.00,-0.64,9.95
1678880059.14,-0.07,-0.31,9.82
1678880059.15,0.29,0.18,9.75
1678880059.16,0.02,0.08,9.96
1678880059.17,-0.07,-0.04,9.93
1678880059.18,0.02,-0.46,9.76
1678880059.19,0.07,0.30,9.84
1678880059.20,-0.04,0.23,9.58
1678880059.21,0.14,0.52,9.80
1678880059.22,-0.10,-0.12,9.61
1678880059.23,0.07,-0.03,9.89
1678880059.24,0.11,0.03,9.91
1678880059.25,0.00,0.37,9.92
1678880059.26,0.20,0.26,9.90
1678880059.27,0.13,0.34,9.74
1678880059.28,0.16,0.46,9.83
1678880059.29,-0.01,-0.46,9.83
1678880059.30,0.14,-0.14,9.81
1678880059.31,0.14,-0.07,9.91
1678880059.32,0.01,0.76,9.89
1678880059.33,0.23,-0.60,9.73
1678880059.34,0.22,0.44,9.78
1678880059.35,0.15,0.43,9.92
1678880059.36,-0.13,0.17,9.89
1678880059.37,-0.01,-0.19,9.77
1678880059.38,-0.05,-0.24,9.95
1678880059.39,-0.16,-0.35,9.77
1678880059.40,0.19,-0.74,9.62
1678880059.41,-0.08,-0.02,9.90
1678880059.42,0.07,0.26,9.76
1678880059.43,0.21,0.21,9.85
1678880059.44,-0.01,-0.09,9.87
1678880059.45,0.03,0.27,9.98
1678880059.46,0.20,0.44,9.94
1678880059.47,0.28,0.13,9.91
1678880059.48,0.15,0.33,9.80
1678880059.49,0.08,0.04,9.92
1678880059.50,-0.02,-0.20,9.75
1678880059.51,-0.10,-0.52,9.92
1678880059.52,0.12,-0.08,9.89
1678880059.53,-0.25,-0.32,9.68
1678880059.54,0.22,-0.27,9.78
1678880059.55,0.30,0.20,9.80
1678880059.56,0.12,-0.14,9.75
1678880059.57,-0.02,0.10,9.79
1678880059.58,0.07,1.11,9.75
1678880059.59,0.32,0.24,9.84
1678880059.60,0.16,-0.64,9.87
1678880059.61,0.08,0.19,9.68
1678880059.62,0.08,0.34,9.88
1678880059.63,0.28,-0.07,9.64
1678880059.64,0.10,-0.23,10.02
1678880059.65,0.39,-0.18,9.76
1678880059.66,0.14,0.14,9.56
1678880059.67,0.32,0.15,10.01
1678880059.68,0.11,0.24,9.81
1678880059.69,0.23,0.49,9.87
1678880059.70,0.04,-0.32,9.59
1678880059.71,0.18,0.69,9.82
1678880059.72,0.19,0.31,9.68
1678880059.73,-0.03,-0.30,10.01
1678880059.74,0.19,0.10,9.79
1678880059.75,0.13,0.20,9.79
1678880059.76,0.12,0.46,9.83
1678880059.77,-0.12,0.04,9.83
1678880059.78,0.06,0.78,9.82
1678880059.79,0.06,-0.38,9.78
1678880059.80,0.30,-0.21,9.88
1678880059.81,-0.10,0.06,9.80
1678880059.82,0.03,0.06,9.90
1678880059.83,0.28,-0.19,10.01
1678880059.84,0.31,0.23,9.77
1678880059.85,-0.16,-0.04,10.02
1678880059.86,-0.10,0.14,9.99
1678880059.87,0.26,-0.34,9.69
1678880059.88,0.06,0.25,9.95
1678880059.89,0.23,-0.56,9.69
1678880059.90,0.13,-0.05,9.73
1678880059.91,0.22,-0.77,9.76
1678880059.92,0.20,0.43,9.75
1678880059.93,0.02,0.09,9.78
1678880059.94,0.19,0.39,9.85
1678880059.95,-0.05,-0.13,9.72
1678880059.96,0.11,-0.28,9.81
1678880059.97,0.24,-0.06,9.57
1678880059.98,-0.07,0.04,9.65
1678880059.99,0.16,0.20,9.84
